UNRegion,SubregionName,SubregionID,CountryName,CountryCode,MIKEsiteID,MIKEsiteName,year,TotalNumberOfCarcasses,NumberOfIllegalCarcasses,Comments,mg
Africa,Central Africa,FC,"Congo, Democratic Republic of the",CD,GAR,Garamba,2003,114,110,,0
Africa,Central Africa,FC,"Congo, Democratic Republic of the",CD,GAR,Garamba,2004,197,176,,0
Africa,Central Africa,FC,"Congo, Democratic Republic of the",CD,GAR,Garamba,2005,86,77,,0
Africa,Central Africa,FC,"Congo, Democratic Republic of the",CD,GAR,Garamba,2006,34,32,,0
Africa,Central Africa,FC,"Congo, Democratic Republic of the",CD,GAR,Garamba,2007,14,7,,0
Africa,Central Africa,FC,"Congo, Democratic Republic of the",CD,GAR,Garamba,2008,4,4,,0
Africa,Central Africa,FC,"Congo, Democratic Republic of the",CD,GAR,Garamba,2009,6,6,,0
Africa,Central Africa,FC,"Congo, Democratic Republic of the",CD,GAR,Garamba,2010,15,10,,1
Africa,Central Africa,FC,"Congo, Democratic Republic of the",CD,GAR,Garamba,2011,14,13,,0
Africa,Central Africa,FC,"Congo, Democratic Republic of the",CD,GAR,Garamba,2012,48,47,,0
Africa,Central Africa,FC,"Congo, Democratic Republic of the",CD,GAR,Garamba,2013,17,16,,0
Africa,Central Africa,FC,"Congo, Democratic Republic of the",CD,GAR,Garamba,2014,121,119,,0
Africa,Central Africa,FC,"Congo, Democratic Republic of the",CD,GAR,Garamba,2015,105,98,,0
Africa,Central Africa,FC,"Congo, Democratic Republic of the",CD,GAR,Garamba,2016,100,97,,0
Africa,Central Africa,FC,"Congo, Democratic Republic of the",CD,GAR,Garamba,2017,53,38,,0
Africa,Central Africa,FC,"Congo, Democratic Republic of the",CD,GAR,Garamba,2018,9,4,,0
Africa,Central Africa,FC,"Congo, Democratic Republic of the",CD,GAR,Garamba,2019,12,9,,0
Africa,Central Africa,FC,"Congo, Democratic Republic of the",CD,OKP,Okapi,2003,20,20,,0
Africa,Central Africa,FC,"Congo, Democratic Republic of the",CD,OKP,Okapi,2004,10,9,,0
Africa,Central Africa,FC,"Congo, Democratic Republic of the",CD,OKP,Okapi,2005,22,21,,0
Africa,Central Africa,FC,"Congo, Democratic Republic of the",CD,OKP,Okapi,2006,10,8,,0
Africa,Central Africa,FC,"Congo, Democratic Republic of the",CD,OKP,Okapi,2007,11,11,,0
Africa,Central Africa,FC,"Congo, Democratic Republic of the",CD,OKP,Okapi,2008,6,5,,0
Africa,Central Africa,FC,"Congo, Democratic Republic of the",CD,OKP,Okapi,2009,18,18,,0
Africa,Central Africa,FC,"Congo, Democratic Republic of the",CD,OKP,Okapi,2010,15,13,,0
Africa,Central Africa,FC,"Congo, Democratic Republic of the",CD,OKP,Okapi,2011,37,37,,0
Africa,Central Africa,FC,"Congo, Democratic Republic of the",CD,OKP,Okapi,2012,37,37,,0
Africa,Central Africa,FC,"Congo, Democratic Republic of the",CD,OKP,Okapi,2013,7,7,,0
Africa,Central Africa,FC,"Congo, Democratic Republic of the",CD,OKP,Okapi,2014,7,7,,0
Africa,Central Africa,FC,"Congo, Democratic Republic of the",CD,OKP,Okapi,2015,2,2,,0
Africa,Central Africa,FC,"Congo, Democratic Republic of the",CD,OKP,Okapi,2016,8,8,,0
Africa,Central Africa,FC,"Congo, Democratic Republic of the",CD,OKP,Okapi,2017,2,2,,0
Africa,Central Africa,FC,"Congo, Democratic Republic of the",CD,OKP,Okapi,2018,1,1,,0
Africa,Central Africa,FC,"Congo, Democratic Republic of the",CD,OKP,Okapi,2019,9,5,,0
Africa,Central Africa,FC,"Congo, Democratic Republic of the",CD,SAL,Salonga,2003,2,0,,0
Africa,Central Africa,FC,"Congo, Democratic Republic of the",CD,SAL,Salonga,2004,56,36,,0
Africa,Central Africa,FC,"Congo, Democratic Republic of the",CD,SAL,Salonga,2005,4,1,,0
Africa,Central Africa,FC,"Congo, Democratic Republic of the",CD,SAL,Salonga,2007,12,11,,0
Africa,Central Africa,FC,"Congo, Democratic Republic of the",CD,SAL,Salonga,2008,3,3,,0
Africa,Central Africa,FC,"Congo, Democratic Republic of the",CD,SAL,Salonga,2009,15,14,,0
Africa,Central Africa,FC,"Congo, Democratic Republic of the",CD,SAL,Salonga,2010,29,28,,0
Africa,Central Africa,FC,"Congo, Democratic Republic of the",CD,SAL,Salonga,2011,9,9,,0
Africa,Central Africa,FC,"Congo, Democratic Republic of the",CD,SAL,Salonga,2012,4,4,,0
Africa,Central Africa,FC,"Congo, Democratic Republic of the",CD,SAL,Salonga,2013,4,4,,0
Africa,Central Africa,FC,"Congo, Democratic Republic of the",CD,SAL,Salonga,2014,14,14,,0
Africa,Central Africa,FC,"Congo, Democratic Republic of the",CD,SAL,Salonga,2015,11,11,,0
Africa,Central Africa,FC,"Congo, Democratic Republic of the",CD,VIR,Virunga,2004,33,1,,1
Africa,Central Africa,FC,"Congo, Democratic Republic of the",CD,VIR,Virunga,2005,49,9,,0
Africa,Central Africa,FC,"Congo, Democratic Republic of the",CD,VIR,Virunga,2006,94,6,,0
Africa,Central Africa,FC,"Congo, Democratic Republic of the",CD,VIR,Virunga,2007,35,4,,0
Africa,Central Africa,FC,"Congo, Democratic Republic of the",CD,VIR,Virunga,2008,85,77,,0
Africa,Central Africa,FC,"Congo, Democratic Republic of the",CD,VIR,Virunga,2009,20,16,,0
Africa,Central Africa,FC,"Congo, Democratic Republic of the",CD,VIR,Virunga,2010,25,25,,0
Africa,Central Africa,FC,"Congo, Democratic Republic of the",CD,VIR,Virunga,2011,16,16,,0
Africa,Central Africa,FC,"Congo, Democratic Republic of the",CD,VIR,Virunga,2012,2,2,,0
Africa,Central Africa,FC,"Congo, Democratic Republic of the",CD,VIR,Virunga,2013,8,8,,0
Africa,Central Africa,FC,"Congo, Democratic Republic of the",CD,VIR,Virunga,2014,5,5,,0
Africa,Central Africa,FC,"Congo, Democratic Republic of the",CD,VIR,Virunga,2018,12,12,,0
Africa,Central Africa,FC,Central African Republic,CF,BGS,Bangassou,2003,3,3,,0
Africa,Central Africa,FC,Central African Republic,CF,BGS,Bangassou,2004,8,8,,0
Africa,Central Africa,FC,Central African Republic,CF,BGS,Bangassou,2009,7,5,,0
Africa,Central Africa,FC,Central African Republic,CF,BGS,Bangassou,2010,6,6,,0
Africa,Central Africa,FC,Central African Republic,CF,BGS,Bangassou,2011,8,7,,0
Africa,Central Africa,FC,Central African Republic,CF,BGS,Bangassou,2012,12,12,,0
Africa,Central Africa,FC,Central African Republic,CF,BGS,Bangassou,2013,2,2,,0
Africa,Central Africa,FC,Central African Republic,CF,BGS,Bangassou,2014,20,20,,0
Africa,Central Africa,FC,Central African Republic,CF,BGS,Bangassou,2015,11,11,,0
Africa,Central Africa,FC,Central African Republic,CF,BGS,Bangassou,2017,2,2,,0
Africa,Central Africa,FC,Central African Republic,CF,DZA,Dzanga-Sangha,2005,10,8,,0
Africa,Central Africa,FC,Central African Republic,CF,DZA,Dzanga-Sangha,2006,2,1,,0
Africa,Central Africa,FC,Central African Republic,CF,DZA,Dzanga-Sangha,2007,2,0,,0
Africa,Central Africa,FC,Central African Republic,CF,DZA,Dzanga-Sangha,2008,28,17,,1
Africa,Central Africa,FC,Central African Republic,CF,DZA,Dzanga-Sangha,2009,10,3,,0
Africa,Central Africa,FC,Central African Republic,CF,DZA,Dzanga-Sangha,2010,5,0,,0
Africa,Central Africa,FC,Central African Republic,CF,DZA,Dzanga-Sangha,2011,10,1,,0
Africa,Central Africa,FC,Central African Republic,CF,DZA,Dzanga-Sangha,2012,10,4,,0
Africa,Central Africa,FC,Central African Republic,CF,DZA,Dzanga-Sangha,2013,42,41,,0
Africa,Central Africa,FC,Central African Republic,CF,DZA,Dzanga-Sangha,2014,17,6,,0
Africa,Central Africa,FC,Central African Republic,CF,DZA,Dzanga-Sangha,2015,30,13,,0
Africa,Central Africa,FC,Central African Republic,CF,DZA,Dzanga-Sangha,2016,30,7,,0
Africa,Central Africa,FC,Central African Republic,CF,DZA,Dzanga-Sangha,2017,19,12,,0
Africa,Central Africa,FC,Central African Republic,CF,DZA,Dzanga-Sangha,2018,13,9,,0
Africa,Central Africa,FC,Central African Republic,CF,DZA,Dzanga-Sangha,2019,6,5,,0
Africa,Central Africa,FC,Central African Republic,CF,SGB,Sangba,2003,10,1,,0
Africa,Central Africa,FC,Central African Republic,CF,SGB,Sangba,2004,1,0,,0
Africa,Central Africa,FC,Central African Republic,CF,SGB,Sangba,2008,8,8,,0
Africa,Central Africa,FC,Central African Republic,CF,SGB,Sangba,2009,4,4,,0
Africa,Central Africa,FC,Central African Republic,CF,SGB,Sangba,2010,2,2,,0
Africa,Central Africa,FC,Central African Republic,CF,SGB,Sangba,2011,6,6,,0
Africa,Central Africa,FC,Central African Republic,CF,SGB,Sangba,2012,14,14,,0
Africa,Central Africa,FC,Central African Republic,CF,SGB,Sangba,2013,1,1,,0
Africa,Central Africa,FC,Central African Republic,CF,SGB,Sangba,2015,9,9,,0
Africa,Central Africa,FC,Congo,CG,NDK,Nouabale-Ndoki,2003,8,5,,0
Africa,Central Africa,FC,Congo,CG,NDK,Nouabale-Ndoki,2004,13,4,,0
Africa,Central Africa,FC,Congo,CG,NDK,Nouabale-Ndoki,2005,4,3,,0
Africa,Central Africa,FC,Congo,CG,NDK,Nouabale-Ndoki,2006,5,0,,0
Africa,Central Africa,FC,Congo,CG,NDK,Nouabale-Ndoki,2007,1,0,,0
Africa,Central Africa,FC,Congo,CG,NDK,Nouabale-Ndoki,2008,4,1,,0
Africa,Central Africa,FC,Congo,CG,NDK,Nouabale-Ndoki,2009,5,2,,0
Africa,Central Africa,FC,Congo,CG,NDK,Nouabale-Ndoki,2010,6,2,,0
Africa,Central Africa,FC,Congo,CG,NDK,Nouabale-Ndoki,2011,10,4,,0
Africa,Central Africa,FC,Congo,CG,NDK,Nouabale-Ndoki,2012,2,2,,0
Africa,Central Africa,FC,Congo,CG,NDK,Nouabale-Ndoki,2013,10,0,,0
Africa,Central Africa,FC,Congo,CG,NDK,Nouabale-Ndoki,2014,15,12,,0
Africa,Central Africa,FC,Congo,CG,NDK,Nouabale-Ndoki,2016,19,17,,0
Africa,Central Africa,FC,Congo,CG,NDK,Nouabale-Ndoki,2017,71,54,,0
Africa,Central Africa,FC,Congo,CG,NDK,Nouabale-Ndoki,2018,69,66,,0
Africa,Central Africa,FC,Congo,CG,NDK,Nouabale-Ndoki,2019,60,48,,0
Africa,Central Africa,FC,Congo,CG,ODZ,Odzala-Kokoua,2003,38,2,,0
Africa,Central Africa,FC,Congo,CG,ODZ,Odzala-Kokoua,2004,36,19,,0
Africa,Central Africa,FC,Congo,CG,ODZ,Odzala-Kokoua,2005,73,0,,0
Africa,Central Africa,FC,Congo,CG,ODZ,Odzala-Kokoua,2006,1,0,,0
Africa,Central Africa,FC,Congo,CG,ODZ,Odzala-Kokoua,2007,36,35,,0
Africa,Central Africa,FC,Congo,CG,ODZ,Odzala-Kokoua,2008,22,9,,0
Africa,Central Africa,FC,Congo,CG,ODZ,Odzala-Kokoua,2011,124,119,,0
Africa,Central Africa,FC,Congo,CG,ODZ,Odzala-Kokoua,2012,12,12,,0
Africa,Central Africa,FC,Congo,CG,ODZ,Odzala-Kokoua,2013,1,1,,0
Africa,Central Africa,FC,Congo,CG,ODZ,Odzala-Kokoua,2014,7,7,,0
Africa,Central Africa,FC,Congo,CG,ODZ,Odzala-Kokoua,2015,10,10,,0
Africa,Central Africa,FC,Congo,CG,ODZ,Odzala-Kokoua,2016,30,22,,0
Africa,Central Africa,FC,Congo,CG,ODZ,Odzala-Kokoua,2017,32,24,,0
Africa,Central Africa,FC,Congo,CG,ODZ,Odzala-Kokoua,2018,23,20,,0
Africa,Central Africa,FC,Congo,CG,ODZ,Odzala-Kokoua,2019,14,10,,0
Africa,Central Africa,FC,Cameroon,CM,BBK,Boumba-Bek,2003,7,3,,3
Africa,Central Africa,FC,Cameroon,CM,BBK,Boumba-Bek,2004,1,1,,0
Africa,Central Africa,FC,Cameroon,CM,BBK,Boumba-Bek,2006,12,0,,11
Africa,Central Africa,FC,Cameroon,CM,BBK,Boumba-Bek,2007,1,0,,1
Africa,Central Africa,FC,Cameroon,CM,BBK,Boumba-Bek,2008,1,0,,0
Africa,Central Africa,FC,Cameroon,CM,BBK,Boumba-Bek,2009,14,5,,9
Africa,Central Africa,FC,Cameroon,CM,BBK,Boumba-Bek,2010,5,3,,0
Africa,Central Africa,FC,Cameroon,CM,BBK,Boumba-Bek,2011,5,4,,0
Africa,Central Africa,FC,Cameroon,CM,BBK,Boumba-Bek,2012,8,7,,0
Africa,Central Africa,FC,Cameroon,CM,BBK,Boumba-Bek,2013,4,4,,0
Africa,Central Africa,FC,Cameroon,CM,BBK,Boumba-Bek,2014,1,1,,0
Africa,Central Africa,FC,Cameroon,CM,BBK,Boumba-Bek,2016,1,1,,0
Africa,Central Africa,FC,Cameroon,CM,BBK,Boumba-Bek,2017,3,0,,0
Africa,Central Africa,FC,Cameroon,CM,BBK,Boumba-Bek,2018,1,1,,0
Africa,Central Africa,FC,Cameroon,CM,WAZ,Waza,2003,3,1,,0
Africa,Central Africa,FC,Cameroon,CM,WAZ,Waza,2004,2,1,,0
Africa,Central Africa,FC,Cameroon,CM,WAZ,Waza,2005,2,1,,0
Africa,Central Africa,FC,Cameroon,CM,WAZ,Waza,2006,3,1,,2
Africa,Central Africa,FC,Cameroon,CM,WAZ,Waza,2007,1,0,,0
Africa,Central Africa,FC,Cameroon,CM,WAZ,Waza,2008,3,0,,0
Africa,Central Africa,FC,Cameroon,CM,WAZ,Waza,2009,1,1,,0
Africa,Central Africa,FC,Cameroon,CM,WAZ,Waza,2010,1,0,,0
Africa,Central Africa,FC,Cameroon,CM,WAZ,Waza,2011,1,1,,0
Africa,Central Africa,FC,Cameroon,CM,WAZ,Waza,2012,5,0,,0
Africa,Central Africa,FC,Cameroon,CM,WAZ,Waza,2014,2,1,,0
Africa,Central Africa,FC,Gabon,GA,LOP,Lope,2003,7,4,,0
Africa,Central Africa,FC,Gabon,GA,LOP,Lope,2004,4,1,,0
Africa,Central Africa,FC,Gabon,GA,LOP,Lope,2006,1,0,,0
Africa,Central Africa,FC,Gabon,GA,LOP,Lope,2008,4,0,,0
Africa,Central Africa,FC,Gabon,GA,LOP,Lope,2010,4,0,,0
Africa,Central Africa,FC,Gabon,GA,LOP,Lope,2011,8,2,,0
Africa,Central Africa,FC,Gabon,GA,LOP,Lope,2012,14,4,,0
Africa,Central Africa,FC,Gabon,GA,LOP,Lope,2013,22,2,,0
Africa,Central Africa,FC,Gabon,GA,LOP,Lope,2014,15,1,,0
Africa,Central Africa,FC,Gabon,GA,LOP,Lope,2015,13,5,,0
Africa,Central Africa,FC,Gabon,GA,LOP,Lope,2016,10,3,,1
Africa,Central Africa,FC,Gabon,GA,LOP,Lope,2017,20,4,,3
Africa,Central Africa,FC,Gabon,GA,LOP,Lope,2018,25,3,,0
Africa,Central Africa,FC,Gabon,GA,LOP,Lope,2019,10,0,,0
Africa,Central Africa,FC,Gabon,GA,MKB,Minkebe,2003,11,8,,0
Africa,Central Africa,FC,Gabon,GA,MKB,Minkebe,2004,13,10,,0
Africa,Central Africa,FC,Gabon,GA,MKB,Minkebe,2005,6,2,,2
Africa,Central Africa,FC,Gabon,GA,MKB,Minkebe,2008,4,4,,0
Africa,Central Africa,FC,Gabon,GA,MKB,Minkebe,2009,4,3,,1
Africa,Central Africa,FC,Gabon,GA,MKB,Minkebe,2010,18,17,,0
Africa,Central Africa,FC,Gabon,GA,MKB,Minkebe,2011,31,27,,0
Africa,Central Africa,FC,Gabon,GA,MKB,Minkebe,2012,27,24,,0
Africa,Central Africa,FC,Gabon,GA,MKB,Minkebe,2013,27,20,,0
Africa,Central Africa,FC,Gabon,GA,MKB,Minkebe,2014,19,19,,0
Africa,Central Africa,FC,Gabon,GA,MKB,Minkebe,2015,22,19,,0
Africa,Central Africa,FC,Gabon,GA,MKB,Minkebe,2016,51,47,,0
Africa,Central Africa,FC,Gabon,GA,MKB,Minkebe,2017,18,18,,0
Africa,Central Africa,FC,Gabon,GA,MKB,Minkebe,2018,17,16,,0
Africa,Central Africa,FC,Gabon,GA,MKB,Minkebe,2019,17,17,,0
Africa,Central Africa,FC,Chad,TD,ZAK,Zakouma,2003,34,22,,1
Africa,Central Africa,FC,Chad,TD,ZAK,Zakouma,2004,35,30,,0
Africa,Central Africa,FC,Chad,TD,ZAK,Zakouma,2005,12,4,,0
Africa,Central Africa,FC,Chad,TD,ZAK,Zakouma,2006,60,40,,0
Africa,Central Africa,FC,Chad,TD,ZAK,Zakouma,2007,160,155,,0
Africa,Central Africa,FC,Chad,TD,ZAK,Zakouma,2008,86,81,,0
Africa,Central Africa,FC,Chad,TD,ZAK,Zakouma,2009,20,12,,0
Africa,Central Africa,FC,Chad,TD,ZAK,Zakouma,2010,39,36,,0
Africa,Central Africa,FC,Chad,TD,ZAK,Zakouma,2011,7,5,,0
Africa,Central Africa,FC,Chad,TD,ZAK,Zakouma,2013,1,0,,0
Africa,Central Africa,FC,Chad,TD,ZAK,Zakouma,2015,4,3,,0
Africa,Eastern Africa,FE,Eritrea,ER,GSH,Gash-Setit,2002,5,0,,0
Africa,Eastern Africa,FE,Eritrea,ER,GSH,Gash-Setit,2003,4,2,,0
Africa,Eastern Africa,FE,Eritrea,ER,GSH,Gash-Setit,2004,2,0,,0
Africa,Eastern Africa,FE,Eritrea,ER,GSH,Gash-Setit,2005,8,0,,0
Africa,Eastern Africa,FE,Eritrea,ER,GSH,Gash-Setit,2006,9,0,,0
Africa,Eastern Africa,FE,Eritrea,ER,GSH,Gash-Setit,2007,4,0,,0
Africa,Eastern Africa,FE,Eritrea,ER,GSH,Gash-Setit,2008,5,0,,0
Africa,Eastern Africa,FE,Eritrea,ER,GSH,Gash-Setit,2009,6,1,,0
Africa,Eastern Africa,FE,Eritrea,ER,GSH,Gash-Setit,2010,2,0,,0
Africa,Eastern Africa,FE,Eritrea,ER,GSH,Gash-Setit,2011,6,2,,0
Africa,Eastern Africa,FE,Eritrea,ER,GSH,Gash-Setit,2012,5,0,,0
Africa,Eastern Africa,FE,Eritrea,ER,GSH,Gash-Setit,2013,2,0,,1
Africa,Eastern Africa,FE,Eritrea,ER,GSH,Gash-Setit,2014,1,0,,1
Africa,Eastern Africa,FE,Eritrea,ER,GSH,Gash-Setit,2015,2,0,,2
Africa,Eastern Africa,FE,Eritrea,ER,GSH,Gash-Setit,2017,3,1,,0
Africa,Eastern Africa,FE,Eritrea,ER,GSH,Gash-Setit,2018,7,0,,0
Africa,Eastern Africa,FE,Eritrea,ER,GSH,Gash-Setit,2019,5,0,,0
Africa,Eastern Africa,FE,Ethiopia,ET,BBL,Babille,2012,17,13,,0
Africa,Eastern Africa,FE,Ethiopia,ET,BBL,Babille,2013,10,8,,0
Africa,Eastern Africa,FE,Ethiopia,ET,BBL,Babille,2014,3,3,,0
Africa,Eastern Africa,FE,Ethiopia,ET,BBL,Babille,2015,3,3,,0
Africa,Eastern Africa,FE,Ethiopia,ET,BBL,Babille,2016,6,5,,0
Africa,Eastern Africa,FE,Ethiopia,ET,BBL,Babille,2017,10,7,,1
Africa,Eastern Africa,FE,Ethiopia,ET,BBL,Babille,2018,10,9,,1
Africa,Eastern Africa,FE,Ethiopia,ET,BBL,Babille,2019,9,8,,0
Africa,Eastern Africa,FE,Ethiopia,ET,KSH,Kafta-Sheraro,2012,2,1,,0
Africa,Eastern Africa,FE,Ethiopia,ET,KSH,Kafta-Sheraro,2013,1,0,,0
Africa,Eastern Africa,FE,Ethiopia,ET,KSH,Kafta-Sheraro,2015,1,0,,0
Africa,Eastern Africa,FE,Ethiopia,ET,KSH,Kafta-Sheraro,2016,3,3,,0
Africa,Eastern Africa,FE,Ethiopia,ET,KSH,Kafta-Sheraro,2018,8,7,,0
Africa,Eastern Africa,FE,Ethiopia,ET,KSH,Kafta-Sheraro,2019,1,0,,0
Africa,Eastern Africa,FE,Kenya,KE,MRU,Meru,2002,18,9,,0
Africa,Eastern Africa,FE,Kenya,KE,MRU,Meru,2003,11,6,,1
Africa,Eastern Africa,FE,Kenya,KE,MRU,Meru,2004,10,9,,0
Africa,Eastern Africa,FE,Kenya,KE,MRU,Meru,2005,20,5,,3
Africa,Eastern Africa,FE,Kenya,KE,MRU,Meru,2006,14,6,,1
Africa,Eastern Africa,FE,Kenya,KE,MRU,Meru,2007,11,2,,1
Africa,Eastern Africa,FE,Kenya,KE,MRU,Meru,2008,14,5,,3
Africa,Eastern Africa,FE,Kenya,KE,MRU,Meru,2009,40,19,,0
Africa,Eastern Africa,FE,Kenya,KE,MRU,Meru,2010,40,28,,1
Africa,Eastern Africa,FE,Kenya,KE,MRU,Meru,2011,81,63,,0
Africa,Eastern Africa,FE,Kenya,KE,MRU,Meru,2012,131,73,,23
Africa,Eastern Africa,FE,Kenya,KE,MRU,Meru,2013,55,33,,0
Africa,Eastern Africa,FE,Kenya,KE,MRU,Meru,2014,28,11,,2
Africa,Eastern Africa,FE,Kenya,KE,MRU,Meru,2015,14,2,,3
Africa,Eastern Africa,FE,Kenya,KE,MRU,Meru,2016,4,3,,0
Africa,Eastern Africa,FE,Kenya,KE,MRU,Meru,2017,20,7,,6
Africa,Eastern Africa,FE,Kenya,KE,MRU,Meru,2018,17,8,,0
Africa,Eastern Africa,FE,Kenya,KE,MRU,Meru,2019,47,11,,2
Africa,Eastern Africa,FE,Kenya,KE,EGK,Mount Elgon,2002,2,1,,0
Africa,Eastern Africa,FE,Kenya,KE,EGK,Mount Elgon,2003,2,2,,0
Africa,Eastern Africa,FE,Kenya,KE,EGK,Mount Elgon,2004,7,5,,0
Africa,Eastern Africa,FE,Kenya,KE,EGK,Mount Elgon,2005,1,0,,0
Africa,Eastern Africa,FE,Kenya,KE,EGK,Mount Elgon,2006,3,2,,0
Africa,Eastern Africa,FE,Kenya,KE,EGK,Mount Elgon,2007,2,1,,0
Africa,Eastern Africa,FE,Kenya,KE,EGK,Mount Elgon,2008,2,1,,0
Africa,Eastern Africa,FE,Kenya,KE,EGK,Mount Elgon,2009,7,5,,0
Africa,Eastern Africa,FE,Kenya,KE,EGK,Mount Elgon,2011,12,7,,0
Africa,Eastern Africa,FE,Kenya,KE,EGK,Mount Elgon,2012,30,13,,11
Africa,Eastern Africa,FE,Kenya,KE,EGK,Mount Elgon,2013,10,7,,0
Africa,Eastern Africa,FE,Kenya,KE,EGK,Mount Elgon,2014,3,3,,0
Africa,Eastern Africa,FE,Kenya,KE,EGK,Mount Elgon,2015,5,2,,0
Africa,Eastern Africa,FE,Kenya,KE,EGK,Mount Elgon,2016,1,0,,0
Africa,Eastern Africa,FE,Kenya,KE,EGK,Mount Elgon,2017,2,1,,0
Africa,Eastern Africa,FE,Kenya,KE,EGK,Mount Elgon,2018,5,3,,0
Africa,Eastern Africa,FE,Kenya,KE,SBR,Samburu Laikipia,2002,159,60,,1
Africa,Eastern Africa,FE,Kenya,KE,SBR,Samburu Laikipia,2003,195,36,,6
Africa,Eastern Africa,FE,Kenya,KE,SBR,Samburu Laikipia,2004,72,32,,11
Africa,Eastern Africa,FE,Kenya,KE,SBR,Samburu Laikipia,2005,164,53,,19
Africa,Eastern Africa,FE,Kenya,KE,SBR,Samburu Laikipia,2006,105,39,,7
Africa,Eastern Africa,FE,Kenya,KE,SBR,Samburu Laikipia,2007,99,34,,12
Africa,Eastern Africa,FE,Kenya,KE,SBR,Samburu Laikipia,2008,216,95,,15
Africa,Eastern Africa,FE,Kenya,KE,SBR,Samburu Laikipia,2009,326,85,,5
Africa,Eastern Africa,FE,Kenya,KE,SBR,Samburu Laikipia,2010,164,77,,3
Africa,Eastern Africa,FE,Kenya,KE,SBR,Samburu Laikipia,2011,256,155,,9
Africa,Eastern Africa,FE,Kenya,KE,SBR,Samburu Laikipia,2012,145,97,,0
Africa,Eastern Africa,FE,Kenya,KE,SBR,Samburu Laikipia,2013,156,99,,3
Africa,Eastern Africa,FE,Kenya,KE,SBR,Samburu Laikipia,2014,95,37,,3
Africa,Eastern Africa,FE,Kenya,KE,SBR,Samburu Laikipia,2015,151,54,,2
Africa,Eastern Africa,FE,Kenya,KE,SBR,Samburu Laikipia,2016,145,58,,3
Africa,Eastern Africa,FE,Kenya,KE,SBR,Samburu Laikipia,2017,269,87,,13
Africa,Eastern Africa,FE,Kenya,KE,SBR,Samburu Laikipia,2018,169,60,,0
Africa,Eastern Africa,FE,Kenya,KE,SBR,Samburu Laikipia,2019,155,45,,7
Africa,Eastern Africa,FE,Kenya,KE,TSV,Tsavo,2002,57,33,,1
Africa,Eastern Africa,FE,Kenya,KE,TSV,Tsavo,2003,45,13,,6
Africa,Eastern Africa,FE,Kenya,KE,TSV,Tsavo,2004,70,21,,9
Africa,Eastern Africa,FE,Kenya,KE,TSV,Tsavo,2005,61,22,,4
Africa,Eastern Africa,FE,Kenya,KE,TSV,Tsavo,2006,79,25,,6
Africa,Eastern Africa,FE,Kenya,KE,TSV,Tsavo,2007,58,15,,6
Africa,Eastern Africa,FE,Kenya,KE,TSV,Tsavo,2008,79,23,,9
Africa,Eastern Africa,FE,Kenya,KE,TSV,Tsavo,2009,329,52,,4
Africa,Eastern Africa,FE,Kenya,KE,TSV,Tsavo,2010,81,55,,1
Africa,Eastern Africa,FE,Kenya,KE,TSV,Tsavo,2011,107,65,,6
Africa,Eastern Africa,FE,Kenya,KE,TSV,Tsavo,2012,205,135,,5
Africa,Eastern Africa,FE,Kenya,KE,TSV,Tsavo,2013,291,133,,4
Africa,Eastern Africa,FE,Kenya,KE,TSV,Tsavo,2014,172,85,,2
Africa,Eastern Africa,FE,Kenya,KE,TSV,Tsavo,2015,127,42,,2
Africa,Eastern Africa,FE,Kenya,KE,TSV,Tsavo,2016,170,37,,2
Africa,Eastern Africa,FE,Kenya,KE,TSV,Tsavo,2017,351,39,,7
Africa,Eastern Africa,FE,Kenya,KE,TSV,Tsavo,2018,139,22,,0
Africa,Eastern Africa,FE,Kenya,KE,TSV,Tsavo,2019,116,29,,4
Africa,Eastern Africa,FE,Rwanda,RW,AKG,Akagera,2006,1,0,,0
Africa,Eastern Africa,FE,Rwanda,RW,AKG,Akagera,2010,1,0,,0
Africa,Eastern Africa,FE,Rwanda,RW,AKG,Akagera,2011,4,1,,0
Africa,Eastern Africa,FE,Rwanda,RW,AKG,Akagera,2012,3,0,,0
Africa,Eastern Africa,FE,Rwanda,RW,AKG,Akagera,2013,1,0,,0
Africa,Eastern Africa,FE,Rwanda,RW,AKG,Akagera,2018,4,0,,0
Africa,Eastern Africa,FE,Rwanda,RW,AKG,Akagera,2019,2,0,,0
Africa,Eastern Africa,FE,"Tanzania, United Republic of",TZ,KTV,Katavi Rukwa,2003,19,9,,0
Africa,Eastern Africa,FE,"Tanzania, United Republic of",TZ,KTV,Katavi Rukwa,2004,20,15,,0
Africa,Eastern Africa,FE,"Tanzania, United Republic of",TZ,KTV,Katavi Rukwa,2005,6,2,,0
Africa,Eastern Africa,FE,"Tanzania, United Republic of",TZ,KTV,Katavi Rukwa,2006,2,2,,0
Africa,Eastern Africa,FE,"Tanzania, United Republic of",TZ,KTV,Katavi Rukwa,2007,2,2,,0
Africa,Eastern Africa,FE,"Tanzania, United Republic of",TZ,KTV,Katavi Rukwa,2008,9,9,,0
Africa,Eastern Africa,FE,"Tanzania, United Republic of",TZ,KTV,Katavi Rukwa,2009,5,4,,0
Africa,Eastern Africa,FE,"Tanzania, United Republic of",TZ,KTV,Katavi Rukwa,2010,13,12,,0
Africa,Eastern Africa,FE,"Tanzania, United Republic of",TZ,KTV,Katavi Rukwa,2011,29,25,,0
Africa,Eastern Africa,FE,"Tanzania, United Republic of",TZ,KTV,Katavi Rukwa,2012,29,25,,0
Africa,Eastern Africa,FE,"Tanzania, United Republic of",TZ,KTV,Katavi Rukwa,2013,11,8,,0
Africa,Eastern Africa,FE,"Tanzania, United Republic of",TZ,KTV,Katavi Rukwa,2014,14,11,,0
Africa,Eastern Africa,FE,"Tanzania, United Republic of",TZ,KTV,Katavi Rukwa,2015,27,25,,0
Africa,Eastern Africa,FE,"Tanzania, United Republic of",TZ,KTV,Katavi Rukwa,2016,16,15,,0
Africa,Eastern Africa,FE,"Tanzania, United Republic of",TZ,KTV,Katavi Rukwa,2017,9,6,,0
Africa,Eastern Africa,FE,"Tanzania, United Republic of",TZ,KTV,Katavi Rukwa,2018,1,1,,0
Africa,Eastern Africa,FE,"Tanzania, United Republic of",TZ,KTV,Katavi Rukwa,2019,3,1,,1
Africa,Eastern Africa,FE,"Tanzania, United Republic of",TZ,MKZ,Mkomazi,2011,2,2,,0
Africa,Eastern Africa,FE,"Tanzania, United Republic of",TZ,MKZ,Mkomazi,2012,4,2,,0
Africa,Eastern Africa,FE,"Tanzania, United Republic of",TZ,MKZ,Mkomazi,2013,3,3,,0
Africa,Eastern Africa,FE,"Tanzania, United Republic of",TZ,MKZ,Mkomazi,2015,2,1,,0
Africa,Eastern Africa,FE,"Tanzania, United Republic of",TZ,MKZ,Mkomazi,2016,1,1,,0
Africa,Eastern Africa,FE,"Tanzania, United Republic of",TZ,MKZ,Mkomazi,2017,1,1,,0
Africa,Eastern Africa,FE,"Tanzania, United Republic of",TZ,MKZ,Mkomazi,2018,4,0,,0
Africa,Eastern Africa,FE,"Tanzania, United Republic of",TZ,MKZ,Mkomazi,2019,1,0,,0
Africa,Eastern Africa,FE,"Tanzania, United Republic of",TZ,RHR,Ruaha Rungwa,2003,11,1,,0
Africa,Eastern Africa,FE,"Tanzania, United Republic of",TZ,RHR,Ruaha Rungwa,2004,6,1,,0
Africa,Eastern Africa,FE,"Tanzania, United Republic of",TZ,RHR,Ruaha Rungwa,2005,9,6,,0
Africa,Eastern Africa,FE,"Tanzania, United Republic of",TZ,RHR,Ruaha Rungwa,2006,9,8,,0
Africa,Eastern Africa,FE,"Tanzania, United Republic of",TZ,RHR,Ruaha Rungwa,2007,2,0,,0
Africa,Eastern Africa,FE,"Tanzania, United Republic of",TZ,RHR,Ruaha Rungwa,2008,1,0,,0
Africa,Eastern Africa,FE,"Tanzania, United Republic of",TZ,RHR,Ruaha Rungwa,2009,3,1,,0
Africa,Eastern Africa,FE,"Tanzania, United Republic of",TZ,RHR,Ruaha Rungwa,2010,28,16,,8
Africa,Eastern Africa,FE,"Tanzania, United Republic of",TZ,RHR,Ruaha Rungwa,2011,36,34,,0
Africa,Eastern Africa,FE,"Tanzania, United Republic of",TZ,RHR,Ruaha Rungwa,2012,110,73,,3
Africa,Eastern Africa,FE,"Tanzania, United Republic of",TZ,RHR,Ruaha Rungwa,2013,53,45,,1
Africa,Eastern Africa,FE,"Tanzania, United Republic of",TZ,RHR,Ruaha Rungwa,2014,50,29,,0
Africa,Eastern Africa,FE,"Tanzania, United Republic of",TZ,RHR,Ruaha Rungwa,2015,47,35,,0
Africa,Eastern Africa,FE,"Tanzania, United Republic of",TZ,RHR,Ruaha Rungwa,2016,27,10,,0
Africa,Eastern Africa,FE,"Tanzania, United Republic of",TZ,RHR,Ruaha Rungwa,2017,28,6,,1
Africa,Eastern Africa,FE,"Tanzania, United Republic of",TZ,RHR,Ruaha Rungwa,2018,45,24,,0
Africa,Eastern Africa,FE,"Tanzania, United Republic of",TZ,RHR,Ruaha Rungwa,2019,27,6,,1
Africa,Eastern Africa,FE,"Tanzania, United Republic of",TZ,SEL,Selous Mikumi,2003,9,2,,0
Africa,Eastern Africa,FE,"Tanzania, United Republic of",TZ,SEL,Selous Mikumi,2004,11,2,,0
Africa,Eastern Africa,FE,"Tanzania, United Republic of",TZ,SEL,Selous Mikumi,2005,12,6,,2
Africa,Eastern Africa,FE,"Tanzania, United Republic of",TZ,SEL,Selous Mikumi,2006,52,33,,0
Africa,Eastern Africa,FE,"Tanzania, United Republic of",TZ,SEL,Selous Mikumi,2007,100,56,,3
Africa,Eastern Africa,FE,"Tanzania, United Republic of",TZ,SEL,Selous Mikumi,2008,104,66,,1
Africa,Eastern Africa,FE,"Tanzania, United Republic of",TZ,SEL,Selous Mikumi,2009,97,47,,19
Africa,Eastern Africa,FE,"Tanzania, United Republic of",TZ,SEL,Selous Mikumi,2010,195,108,,53
Africa,Eastern Africa,FE,"Tanzania, United Republic of",TZ,SEL,Selous Mikumi,2011,224,143,,36
Africa,Eastern Africa,FE,"Tanzania, United Republic of",TZ,SEL,Selous Mikumi,2012,186,95,,23
Africa,Eastern Africa,FE,"Tanzania, United Republic of",TZ,SEL,Selous Mikumi,2013,118,87,,0
Africa,Eastern Africa,FE,"Tanzania, United Republic of",TZ,SEL,Selous Mikumi,2014,42,34,,0
Africa,Eastern Africa,FE,"Tanzania, United Republic of",TZ,SEL,Selous Mikumi,2015,68,51,,4
Africa,Eastern Africa,FE,"Tanzania, United Republic of",TZ,SEL,Selous Mikumi,2016,30,12,,1
Africa,Eastern Africa,FE,"Tanzania, United Republic of",TZ,SEL,Selous Mikumi,2017,23,6,,1
Africa,Eastern Africa,FE,"Tanzania, United Republic of",TZ,SEL,Selous Mikumi,2018,19,3,,0
Africa,Eastern Africa,FE,"Tanzania, United Republic of",TZ,SEL,Selous Mikumi,2019,19,1,,0
Africa,Eastern Africa,FE,"Tanzania, United Republic of",TZ,TGR,Tarangire-Manyara,2003,8,2,,1
Africa,Eastern Africa,FE,"Tanzania, United Republic of",TZ,TGR,Tarangire-Manyara,2004,11,0,,0
Africa,Eastern Africa,FE,"Tanzania, United Republic of",TZ,TGR,Tarangire-Manyara,2005,7,0,,0
Africa,Eastern Africa,FE,"Tanzania, United Republic of",TZ,TGR,Tarangire-Manyara,2006,5,3,,0
Africa,Eastern Africa,FE,"Tanzania, United Republic of",TZ,TGR,Tarangire-Manyara,2007,5,1,,0
Africa,Eastern Africa,FE,"Tanzania, United Republic of",TZ,TGR,Tarangire-Manyara,2008,5,2,,0
Africa,Eastern Africa,FE,"Tanzania, United Republic of",TZ,TGR,Tarangire-Manyara,2009,2,0,,0
Africa,Eastern Africa,FE,"Tanzania, United Republic of",TZ,TGR,Tarangire-Manyara,2010,39,18,,6
Africa,Eastern Africa,FE,"Tanzania, United Republic of",TZ,TGR,Tarangire-Manyara,2011,5,5,,0
Africa,Eastern Africa,FE,"Tanzania, United Republic of",TZ,TGR,Tarangire-Manyara,2012,17,12,,0
Africa,Eastern Africa,FE,"Tanzania, United Republic of",TZ,TGR,Tarangire-Manyara,2013,6,6,,0
Africa,Eastern Africa,FE,"Tanzania, United Republic of",TZ,TGR,Tarangire-Manyara,2014,10,8,,0
Africa,Eastern Africa,FE,"Tanzania, United Republic of",TZ,TGR,Tarangire-Manyara,2015,9,7,,0
Africa,Eastern Africa,FE,"Tanzania, United Republic of",TZ,TGR,Tarangire-Manyara,2016,10,1,,0
Africa,Eastern Africa,FE,"Tanzania, United Republic of",TZ,TGR,Tarangire-Manyara,2017,4,0,,0
Africa,Eastern Africa,FE,"Tanzania, United Republic of",TZ,TGR,Tarangire-Manyara,2018,4,1,,0
Africa,Eastern Africa,FE,"Tanzania, United Republic of",TZ,TGR,Tarangire-Manyara,2019,17,2,,0
Africa,Eastern Africa,FE,Uganda,UG,MCH,Murchison Falls,2005,2,0,,0
Africa,Eastern Africa,FE,Uganda,UG,MCH,Murchison Falls,2006,2,1,,0
Africa,Eastern Africa,FE,Uganda,UG,MCH,Murchison Falls,2007,1,0,,0
Africa,Eastern Africa,FE,Uganda,UG,MCH,Murchison Falls,2008,4,2,,0
Africa,Eastern Africa,FE,Uganda,UG,MCH,Murchison Falls,2009,5,2,,1
Africa,Eastern Africa,FE,Uganda,UG,MCH,Murchison Falls,2010,7,2,,0
Africa,Eastern Africa,FE,Uganda,UG,MCH,Murchison Falls,2011,28,25,,0
Africa,Eastern Africa,FE,Uganda,UG,MCH,Murchison Falls,2012,19,17,,1
Africa,Eastern Africa,FE,Uganda,UG,MCH,Murchison Falls,2013,14,8,,0
Africa,Eastern Africa,FE,Uganda,UG,MCH,Murchison Falls,2014,9,4,,0
Africa,Eastern Africa,FE,Uganda,UG,MCH,Murchison Falls,2015,3,2,,0
Africa,Eastern Africa,FE,Uganda,UG,MCH,Murchison Falls,2016,8,1,,1
Africa,Eastern Africa,FE,Uganda,UG,MCH,Murchison Falls,2017,16,7,,0
Africa,Eastern Africa,FE,Uganda,UG,MCH,Murchison Falls,2018,15,11,,1
Africa,Eastern Africa,FE,Uganda,UG,MCH,Murchison Falls,2019,9,3,,0
Africa,Eastern Africa,FE,Uganda,UG,QEZ,Queen Elizabeth,2002,2,1,,0
Africa,Eastern Africa,FE,Uganda,UG,QEZ,Queen Elizabeth,2004,8,3,,0
Africa,Eastern Africa,FE,Uganda,UG,QEZ,Queen Elizabeth,2005,5,1,,0
Africa,Eastern Africa,FE,Uganda,UG,QEZ,Queen Elizabeth,2006,6,2,,0
Africa,Eastern Africa,FE,Uganda,UG,QEZ,Queen Elizabeth,2007,9,2,,0
Africa,Eastern Africa,FE,Uganda,UG,QEZ,Queen Elizabeth,2008,6,0,,1
Africa,Eastern Africa,FE,Uganda,UG,QEZ,Queen Elizabeth,2009,8,3,,0
Africa,Eastern Africa,FE,Uganda,UG,QEZ,Queen Elizabeth,2010,11,4,,0
Africa,Eastern Africa,FE,Uganda,UG,QEZ,Queen Elizabeth,2011,22,17,,0
Africa,Eastern Africa,FE,Uganda,UG,QEZ,Queen Elizabeth,2012,20,12,,0
Africa,Eastern Africa,FE,Uganda,UG,QEZ,Queen Elizabeth,2013,36,11,,0
Africa,Eastern Africa,FE,Uganda,UG,QEZ,Queen Elizabeth,2014,24,11,,1
Africa,Eastern Africa,FE,Uganda,UG,QEZ,Queen Elizabeth,2015,21,12,,0
Africa,Eastern Africa,FE,Uganda,UG,QEZ,Queen Elizabeth,2016,10,5,,0
Africa,Eastern Africa,FE,Uganda,UG,QEZ,Queen Elizabeth,2017,11,10,,0
Africa,Eastern Africa,FE,Uganda,UG,QEZ,Queen Elizabeth,2018,13,8,,0
Africa,Eastern Africa,FE,Uganda,UG,QEZ,Queen Elizabeth,2019,18,7,,0
Africa,Southern Africa,FS,Botswana,BW,CHO,Chobe,2000,5,2,,0
Africa,Southern Africa,FS,Botswana,BW,CHO,Chobe,2001,51,14,,1
Africa,Southern Africa,FS,Botswana,BW,CHO,Chobe,2002,79,10,,1
Africa,Southern Africa,FS,Botswana,BW,CHO,Chobe,2003,104,3,,14
Africa,Southern Africa,FS,Botswana,BW,CHO,Chobe,2004,145,5,,10
Africa,Southern Africa,FS,Botswana,BW,CHO,Chobe,2005,69,16,,5
Africa,Southern Africa,FS,Botswana,BW,CHO,Chobe,2006,95,7,,14
Africa,Southern Africa,FS,Botswana,BW,CHO,Chobe,2007,108,17,,10
Africa,Southern Africa,FS,Botswana,BW,CHO,Chobe,2008,119,6,,15
Africa,Southern Africa,FS,Botswana,BW,CHO,Chobe,2009,120,16,,20
Africa,Southern Africa,FS,Botswana,BW,CHO,Chobe,2010,37,9,,2
Africa,Southern Africa,FS,Botswana,BW,CHO,Chobe,2011,42,14,,0
Africa,Southern Africa,FS,Botswana,BW,CHO,Chobe,2012,351,29,,9
Africa,Southern Africa,FS,Botswana,BW,CHO,Chobe,2013,156,2,,3
Africa,Southern Africa,FS,Botswana,BW,CHO,Chobe,2014,242,23,,0
Africa,Southern Africa,FS,Botswana,BW,CHO,Chobe,2015,198,10,,0
Africa,Southern Africa,FS,Botswana,BW,CHO,Chobe,2016,121,0,,0
Africa,Southern Africa,FS,Botswana,BW,CHO,Chobe,2017,101,22,,0
Africa,Southern Africa,FS,Botswana,BW,CHO,Chobe,2018,108,38,,0
Africa,Southern Africa,FS,Botswana,BW,CHO,Chobe,2019,232,2,,16
Africa,Southern Africa,FS,Malawi,MW,KSG,Kasungu,2013,2,1,,1
Africa,Southern Africa,FS,Malawi,MW,KSG,Kasungu,2015,1,1,,0
Africa,Southern Africa,FS,Malawi,MW,KSG,Kasungu,2016,1,1,,0
Africa,Southern Africa,FS,Malawi,MW,KSG,Kasungu,2018,3,3,,0
Africa,Southern Africa,FS,Malawi,MW,KSG,Kasungu,2019,4,4,,0
Africa,Southern Africa,FS,Malawi,MW,MJT,Majete,2019,7,0,,1
Africa,Southern Africa,FS,Mozambique,MZ,LPP,Limpopo,2016,10,9,,1
Africa,Southern Africa,FS,Mozambique,MZ,LPP,Limpopo,2017,5,4,,1
Africa,Southern Africa,FS,Mozambique,MZ,LPP,Limpopo,2018,11,9,,0
Africa,Southern Africa,FS,Mozambique,MZ,LPP,Limpopo,2019,4,2,,0
Africa,Southern Africa,FS,Mozambique,MZ,MAG,Magoe,2001,6,4,,0
Africa,Southern Africa,FS,Mozambique,MZ,MAG,Magoe,2002,3,2,,0
Africa,Southern Africa,FS,Mozambique,MZ,MAG,Magoe,2003,6,2,,2
Africa,Southern Africa,FS,Mozambique,MZ,MAG,Magoe,2004,4,3,,1
Africa,Southern Africa,FS,Mozambique,MZ,MAG,Magoe,2005,3,3,,0
Africa,Southern Africa,FS,Mozambique,MZ,MAG,Magoe,2006,4,2,,2
Africa,Southern Africa,FS,Mozambique,MZ,MAG,Magoe,2007,2,0,,2
Africa,Southern Africa,FS,Mozambique,MZ,MAG,Magoe,2008,3,2,,1
Africa,Southern Africa,FS,Mozambique,MZ,MAG,Magoe,2009,5,0,,5
Africa,Southern Africa,FS,Mozambique,MZ,MAG,Magoe,2010,12,7,,5
Africa,Southern Africa,FS,Mozambique,MZ,MAG,Magoe,2011,18,15,,0
Africa,Southern Africa,FS,Mozambique,MZ,MAG,Magoe,2012,27,22,,5
Africa,Southern Africa,FS,Mozambique,MZ,MAG,Magoe,2013,31,30,,1
Africa,Southern Africa,FS,Mozambique,MZ,MAG,Magoe,2014,12,12,,0
Africa,Southern Africa,FS,Mozambique,MZ,MAG,Magoe,2015,13,12,,0
Africa,Southern Africa,FS,Mozambique,MZ,MAG,Magoe,2016,8,8,,0
Africa,Southern Africa,FS,Mozambique,MZ,MAG,Magoe,2017,1,1,,0
Africa,Southern Africa,FS,Mozambique,MZ,MAG,Magoe,2018,8,3,,3
Africa,Southern Africa,FS,Mozambique,MZ,MAG,Magoe,2019,2,2,,0
Africa,Southern Africa,FS,Mozambique,MZ,NIA,Niassa,2007,12,7,,1
Africa,Southern Africa,FS,Mozambique,MZ,NIA,Niassa,2008,16,15,,0
Africa,Southern Africa,FS,Mozambique,MZ,NIA,Niassa,2009,11,9,,0
Africa,Southern Africa,FS,Mozambique,MZ,NIA,Niassa,2010,77,65,,0
Africa,Southern Africa,FS,Mozambique,MZ,NIA,Niassa,2011,85,76,,0
Africa,Southern Africa,FS,Mozambique,MZ,NIA,Niassa,2012,116,114,,1
Africa,Southern Africa,FS,Mozambique,MZ,NIA,Niassa,2013,73,66,,2
Africa,Southern Africa,FS,Mozambique,MZ,NIA,Niassa,2014,137,131,,0
Africa,Southern Africa,FS,Mozambique,MZ,NIA,Niassa,2015,66,63,,0
Africa,Southern Africa,FS,Mozambique,MZ,NIA,Niassa,2016,99,92,,0
Africa,Southern Africa,FS,Mozambique,MZ,NIA,Niassa,2017,132,124,,0
Africa,Southern Africa,FS,Mozambique,MZ,NIA,Niassa,2018,23,17,,0
Africa,Southern Africa,FS,Mozambique,MZ,NIA,Niassa,2019,6,2,,0
Africa,Southern Africa,FS,Namibia,NA,ETO,Etosha,2000,18,1,,2
Africa,Southern Africa,FS,Namibia,NA,ETO,Etosha,2001,18,0,,0
Africa,Southern Africa,FS,Namibia,NA,ETO,Etosha,2002,24,0,,0
Africa,Southern Africa,FS,Namibia,NA,ETO,Etosha,2003,21,1,,0
Africa,Southern Africa,FS,Namibia,NA,ETO,Etosha,2004,8,0,,0
Africa,Southern Africa,FS,Namibia,NA,ETO,Etosha,2005,19,0,,0
Africa,Southern Africa,FS,Namibia,NA,ETO,Etosha,2006,8,0,,5
Africa,Southern Africa,FS,Namibia,NA,ETO,Etosha,2007,22,0,,0
Africa,Southern Africa,FS,Namibia,NA,ETO,Etosha,2008,15,0,,1
Africa,Southern Africa,FS,Namibia,NA,ETO,Etosha,2009,21,0,,0
Africa,Southern Africa,FS,Namibia,NA,ETO,Etosha,2010,11,0,,0
Africa,Southern Africa,FS,Namibia,NA,ETO,Etosha,2011,27,0,,1
Africa,Southern Africa,FS,Namibia,NA,ETO,Etosha,2012,15,0,,3
Africa,Southern Africa,FS,Namibia,NA,ETO,Etosha,2013,5,0,,0
Africa,Southern Africa,FS,Namibia,NA,ETO,Etosha,2014,9,0,,1
Africa,Southern Africa,FS,Namibia,NA,ETO,Etosha,2015,13,0,,1
Africa,Southern Africa,FS,Namibia,NA,ETO,Etosha,2016,20,0,,1
Africa,Southern Africa,FS,Namibia,NA,ETO,Etosha,2017,14,1,,1
Africa,Southern Africa,FS,Namibia,NA,ETO,Etosha,2018,20,0,,0
Africa,Southern Africa,FS,Namibia,NA,ETO,Etosha,2019,42,0,,0
Africa,Southern Africa,FS,Namibia,NA,ZBZ,Zambezi,2003,8,2,,1
Africa,Southern Africa,FS,Namibia,NA,ZBZ,Zambezi,2004,8,0,,1
Africa,Southern Africa,FS,Namibia,NA,ZBZ,Zambezi,2005,2,1,,0
Africa,Southern Africa,FS,Namibia,NA,ZBZ,Zambezi,2006,7,2,,0
Africa,Southern Africa,FS,Namibia,NA,ZBZ,Zambezi,2007,7,0,,5
Africa,Southern Africa,FS,Namibia,NA,ZBZ,Zambezi,2009,7,0,,1
Africa,Southern Africa,FS,Namibia,NA,ZBZ,Zambezi,2010,6,2,,0
Africa,Southern Africa,FS,Namibia,NA,ZBZ,Zambezi,2011,29,17,,0
Africa,Southern Africa,FS,Namibia,NA,ZBZ,Zambezi,2012,57,33,,11
Africa,Southern Africa,FS,Namibia,NA,ZBZ,Zambezi,2013,68,30,,16
Africa,Southern Africa,FS,Namibia,NA,ZBZ,Zambezi,2014,76,27,,33
Africa,Southern Africa,FS,Namibia,NA,ZBZ,Zambezi,2015,87,31,,40
Africa,Southern Africa,FS,Namibia,NA,ZBZ,Zambezi,2016,97,32,,32
Africa,Southern Africa,FS,Namibia,NA,ZBZ,Zambezi,2017,53,15,,15
Africa,Southern Africa,FS,Namibia,NA,ZBZ,Zambezi,2018,56,10,,24
Africa,Southern Africa,FS,Namibia,NA,ZBZ,Zambezi,2019,48,3,,21
Africa,Southern Africa,FS,South Africa,ZA,KRU,Kruger,2000,1,0,,0
Africa,Southern Africa,FS,South Africa,ZA,KRU,Kruger,2001,28,3,,0
Africa,Southern Africa,FS,South Africa,ZA,KRU,Kruger,2002,31,11,,1
Africa,Southern Africa,FS,South Africa,ZA,KRU,Kruger,2003,3,0,,0
Africa,Southern Africa,FS,South Africa,ZA,KRU,Kruger,2004,16,0,,1
Africa,Southern Africa,FS,South Africa,ZA,KRU,Kruger,2005,21,1,,2
Africa,Southern Africa,FS,South Africa,ZA,KRU,Kruger,2006,47,0,,20
Africa,Southern Africa,FS,South Africa,ZA,KRU,Kruger,2007,26,4,,3
Africa,Southern Africa,FS,South Africa,ZA,KRU,Kruger,2008,28,0,,3
Africa,Southern Africa,FS,South Africa,ZA,KRU,Kruger,2009,35,1,,4
Africa,Southern Africa,FS,South Africa,ZA,KRU,Kruger,2010,14,0,,1
Africa,Southern Africa,FS,South Africa,ZA,KRU,Kruger,2011,20,1,,2
Africa,Southern Africa,FS,South Africa,ZA,KRU,Kruger,2012,7,0,,1
Africa,Southern Africa,FS,South Africa,ZA,KRU,Kruger,2013,17,0,,2
Africa,Southern Africa,FS,South Africa,ZA,KRU,Kruger,2014,35,7,,5
Africa,Southern Africa,FS,South Africa,ZA,KRU,Kruger,2015,74,30,,1
Africa,Southern Africa,FS,South Africa,ZA,KRU,Kruger,2016,165,46,,16
Africa,Southern Africa,FS,South Africa,ZA,KRU,Kruger,2017,170,67,,22
Africa,Southern Africa,FS,South Africa,ZA,KRU,Kruger,2018,194,72,,48
Africa,Southern Africa,FS,South Africa,ZA,KRU,Kruger,2019,124,30,,26
Africa,Southern Africa,FS,Zambia,ZM,KFE,Kafue,2018,9,7,,0
Africa,Southern Africa,FS,Zambia,ZM,KFE,Kafue,2019,8,5,,0
Africa,Southern Africa,FS,Zambia,ZM,LZN,Lower Zambezi,2018,29,19,,2
Africa,Southern Africa,FS,Zambia,ZM,LZN,Lower Zambezi,2019,50,13,,1
Africa,Southern Africa,FS,Zambia,ZM,NLW,North Luangwa,2018,27,7,,2
Africa,Southern Africa,FS,Zambia,ZM,NLW,North Luangwa,2019,28,7,,3
Africa,Southern Africa,FS,Zambia,ZM,SMN,Sioma Ngwezi,2018,8,0,,0
Africa,Southern Africa,FS,Zambia,ZM,SMN,Sioma Ngwezi,2019,3,2,,0
Africa,Southern Africa,FS,Zambia,ZM,SLW,South Luangwa,2000,16,9,,0
Africa,Southern Africa,FS,Zambia,ZM,SLW,South Luangwa,2001,32,20,,0
Africa,Southern Africa,FS,Zambia,ZM,SLW,South Luangwa,2002,25,21,,0
Africa,Southern Africa,FS,Zambia,ZM,SLW,South Luangwa,2003,19,13,,0
Africa,Southern Africa,FS,Zambia,ZM,SLW,South Luangwa,2004,27,18,,0
Africa,Southern Africa,FS,Zambia,ZM,SLW,South Luangwa,2005,19,13,,0
Africa,Southern Africa,FS,Zambia,ZM,SLW,South Luangwa,2006,36,25,,0
Africa,Southern Africa,FS,Zambia,ZM,SLW,South Luangwa,2007,6,2,,0
Africa,Southern Africa,FS,Zambia,ZM,SLW,South Luangwa,2008,15,7,,1
Africa,Southern Africa,FS,Zambia,ZM,SLW,South Luangwa,2009,14,6,,1
Africa,Southern Africa,FS,Zambia,ZM,SLW,South Luangwa,2010,49,26,,17
Africa,Southern Africa,FS,Zambia,ZM,SLW,South Luangwa,2011,22,14,,1
Africa,Southern Africa,FS,Zambia,ZM,SLW,South Luangwa,2012,33,13,,4
Africa,Southern Africa,FS,Zambia,ZM,SLW,South Luangwa,2013,21,15,,1
Africa,Southern Africa,FS,Zambia,ZM,SLW,South Luangwa,2014,77,41,,11
Africa,Southern Africa,FS,Zambia,ZM,SLW,South Luangwa,2015,84,47,,10
Africa,Southern Africa,FS,Zambia,ZM,SLW,South Luangwa,2016,85,50,,10
Africa,Southern Africa,FS,Zambia,ZM,SLW,South Luangwa,2017,126,84,,7
Africa,Southern Africa,FS,Zambia,ZM,SLW,South Luangwa,2018,116,71,,5
Africa,Southern Africa,FS,Zambia,ZM,SLW,South Luangwa,2019,70,29,,11
Africa,Southern Africa,FS,Zimbabwe,ZW,CHE,Chewore,2000,16,14,,0
Africa,Southern Africa,FS,Zimbabwe,ZW,CHE,Chewore,2001,13,7,,0
Africa,Southern Africa,FS,Zimbabwe,ZW,CHE,Chewore,2002,14,7,,0
Africa,Southern Africa,FS,Zimbabwe,ZW,CHE,Chewore,2003,12,4,,0
Africa,Southern Africa,FS,Zimbabwe,ZW,CHE,Chewore,2004,9,3,,0
Africa,Southern Africa,FS,Zimbabwe,ZW,CHE,Chewore,2005,16,3,,3
Africa,Southern Africa,FS,Zimbabwe,ZW,CHE,Chewore,2006,15,3,,1
Africa,Southern Africa,FS,Zimbabwe,ZW,CHE,Chewore,2007,27,12,,0
Africa,Southern Africa,FS,Zimbabwe,ZW,CHE,Chewore,2008,8,1,,0
Africa,Southern Africa,FS,Zimbabwe,ZW,CHE,Chewore,2009,26,10,,0
Africa,Southern Africa,FS,Zimbabwe,ZW,CHE,Chewore,2010,29,4,,2
Africa,Southern Africa,FS,Zimbabwe,ZW,CHE,Chewore,2011,51,34,,0
Africa,Southern Africa,FS,Zimbabwe,ZW,CHE,Chewore,2012,42,33,,1
Africa,Southern Africa,FS,Zimbabwe,ZW,CHE,Chewore,2013,91,36,,28
Africa,Southern Africa,FS,Zimbabwe,ZW,CHE,Chewore,2014,52,9,,21
Africa,Southern Africa,FS,Zimbabwe,ZW,CHE,Chewore,2015,41,12,,14
Africa,Southern Africa,FS,Zimbabwe,ZW,CHE,Chewore,2016,33,7,,13
Africa,Southern Africa,FS,Zimbabwe,ZW,CHE,Chewore,2017,31,3,,16
Africa,Southern Africa,FS,Zimbabwe,ZW,CHE,Chewore,2018,12,2,,4
Africa,Southern Africa,FS,Zimbabwe,ZW,CHE,Chewore,2019,10,4,,5
Africa,Southern Africa,FS,Zimbabwe,ZW,MAN,Mana Pools and Sapi,2015,12,9,,0
Africa,Southern Africa,FS,Zimbabwe,ZW,MAN,Mana Pools and Sapi,2016,23,22,,0
Africa,Southern Africa,FS,Zimbabwe,ZW,MAN,Mana Pools and Sapi,2017,9,4,,2
Africa,Southern Africa,FS,Zimbabwe,ZW,MAN,Mana Pools and Sapi,2018,11,1,,3
Africa,Southern Africa,FS,Zimbabwe,ZW,MAN,Mana Pools and Sapi,2019,44,3,,0
Africa,Southern Africa,FS,Zimbabwe,ZW,NYA,Nyami Nyami,2000,11,6,,0
Africa,Southern Africa,FS,Zimbabwe,ZW,NYA,Nyami Nyami,2001,18,15,,0
Africa,Southern Africa,FS,Zimbabwe,ZW,NYA,Nyami Nyami,2002,5,2,,0
Africa,Southern Africa,FS,Zimbabwe,ZW,NYA,Nyami Nyami,2004,7,4,,0
Africa,Southern Africa,FS,Zimbabwe,ZW,NYA,Nyami Nyami,2005,13,10,,0
Africa,Southern Africa,FS,Zimbabwe,ZW,NYA,Nyami Nyami,2007,6,3,,0
Africa,Southern Africa,FS,Zimbabwe,ZW,NYA,Nyami Nyami,2008,16,12,,0
Africa,Southern Africa,FS,Zimbabwe,ZW,NYA,Nyami Nyami,2009,52,45,,3
Africa,Southern Africa,FS,Zimbabwe,ZW,NYA,Nyami Nyami,2010,19,19,,0
Africa,Southern Africa,FS,Zimbabwe,ZW,NYA,Nyami Nyami,2011,16,13,,0
Africa,Southern Africa,FS,Zimbabwe,ZW,NYA,Nyami Nyami,2012,53,14,,36
Africa,Southern Africa,FS,Zimbabwe,ZW,NYA,Nyami Nyami,2013,36,8,,28
Africa,Southern Africa,FS,Zimbabwe,ZW,NYA,Nyami Nyami,2014,27,10,,12
Africa,Southern Africa,FS,Zimbabwe,ZW,NYA,Nyami Nyami,2015,31,11,,19
Africa,Southern Africa,FS,Zimbabwe,ZW,NYA,Nyami Nyami,2016,15,4,,10
Africa,Southern Africa,FS,Zimbabwe,ZW,NYA,Nyami Nyami,2017,14,3,,11
Africa,Southern Africa,FS,Zimbabwe,ZW,NYA,Nyami Nyami,2018,10,0,,10
Africa,Southern Africa,FS,Zimbabwe,ZW,NYA,Nyami Nyami,2019,18,1,,9
Africa,West Africa,FW,Burkina Faso,BF,NAZ,Nazinga,2002,1,0,,0
Africa,West Africa,FW,Burkina Faso,BF,NAZ,Nazinga,2004,2,0,,0
Africa,West Africa,FW,Burkina Faso,BF,NAZ,Nazinga,2005,4,1,,0
Africa,West Africa,FW,Burkina Faso,BF,NAZ,Nazinga,2006,1,0,,0
Africa,West Africa,FW,Burkina Faso,BF,NAZ,Nazinga,2008,4,4,,0
Africa,West Africa,FW,Burkina Faso,BF,NAZ,Nazinga,2009,1,1,,0
Africa,West Africa,FW,Burkina Faso,BF,NAZ,Nazinga,2010,1,1,,0
Africa,West Africa,FW,Burkina Faso,BF,NAZ,Nazinga,2011,6,4,,0
Africa,West Africa,FW,Burkina Faso,BF,NAZ,Nazinga,2012,7,5,,0
Africa,West Africa,FW,Burkina Faso,BF,NAZ,Nazinga,2013,3,2,,0
Africa,West Africa,FW,Burkina Faso,BF,NAZ,Nazinga,2014,3,2,,0
Africa,West Africa,FW,Burkina Faso,BF,NAZ,Nazinga,2015,14,9,,0
Africa,West Africa,FW,Burkina Faso,BF,NAZ,Nazinga,2018,3,3,,0
Africa,West Africa,FW,Burkina Faso,BF,NAZ,Nazinga,2019,3,3,,0
Africa,West Africa,FW,Burkina Faso,BF,WBF,W du Burkina,2003,1,0,,0
Africa,West Africa,FW,Burkina Faso,BF,WBF,W du Burkina,2004,1,0,,0
Africa,West Africa,FW,Burkina Faso,BF,WBF,W du Burkina,2009,9,8,,0
Africa,West Africa,FW,Burkina Faso,BF,WBF,W du Burkina,2011,4,4,,0
Africa,West Africa,FW,Burkina Faso,BF,WBF,W du Burkina,2012,13,13,,0
Africa,West Africa,FW,Burkina Faso,BF,WBF,W du Burkina,2013,1,1,,0
Africa,West Africa,FW,Burkina Faso,BF,WBF,W du Burkina,2014,13,13,,0
Africa,West Africa,FW,Burkina Faso,BF,WBF,W du Burkina,2016,7,7,,0
Africa,West Africa,FW,Burkina Faso,BF,WBF,W du Burkina,2017,2,2,,0
Africa,West Africa,FW,Burkina Faso,BF,WBF,W du Burkina,2019,4,0,,0
Africa,West Africa,FW,Benin,BJ,PDJ,Pendjari,2003,3,2,,0
Africa,West Africa,FW,Benin,BJ,PDJ,Pendjari,2004,3,1,,0
Africa,West Africa,FW,Benin,BJ,PDJ,Pendjari,2005,1,0,,0
Africa,West Africa,FW,Benin,BJ,PDJ,Pendjari,2008,1,0,,0
Africa,West Africa,FW,Benin,BJ,PDJ,Pendjari,2009,8,7,,0
Africa,West Africa,FW,Benin,BJ,PDJ,Pendjari,2010,6,0,,0
Africa,West Africa,FW,Benin,BJ,PDJ,Pendjari,2011,13,9,,0
Africa,West Africa,FW,Benin,BJ,PDJ,Pendjari,2012,20,16,,0
Africa,West Africa,FW,Benin,BJ,PDJ,Pendjari,2013,5,4,,0
Africa,West Africa,FW,Benin,BJ,PDJ,Pendjari,2014,29,26,,0
Africa,West Africa,FW,Benin,BJ,PDJ,Pendjari,2015,20,16,,0
Africa,West Africa,FW,Benin,BJ,PDJ,Pendjari,2016,17,13,,0
Africa,West Africa,FW,Benin,BJ,PDJ,Pendjari,2017,12,5,,0
Africa,West Africa,FW,Benin,BJ,PDJ,Pendjari,2018,41,10,,0
Africa,West Africa,FW,Benin,BJ,PDJ,Pendjari,2019,18,0,,0
Africa,West Africa,FW,Benin,BJ,WBJ,W du Benin,2002,1,0,,0
Africa,West Africa,FW,Benin,BJ,WBJ,W du Benin,2003,1,1,,0
Africa,West Africa,FW,Benin,BJ,WBJ,W du Benin,2004,4,2,,0
Africa,West Africa,FW,Benin,BJ,WBJ,W du Benin,2009,1,0,,0
Africa,West Africa,FW,Benin,BJ,WBJ,W du Benin,2012,3,3,,0
Africa,West Africa,FW,Benin,BJ,WBJ,W du Benin,2013,6,6,,0
Africa,West Africa,FW,Benin,BJ,WBJ,W du Benin,2014,11,11,,0
Africa,West Africa,FW,Benin,BJ,WBJ,W du Benin,2015,10,10,,0
Africa,West Africa,FW,Benin,BJ,WBJ,W du Benin,2016,6,6,,0
Africa,West Africa,FW,Benin,BJ,WBJ,W du Benin,2017,4,3,,0
Africa,West Africa,FW,Benin,BJ,WBJ,W du Benin,2018,3,2,,0
Africa,West Africa,FW,Benin,BJ,WBJ,W du Benin,2019,4,3,,0
Africa,West Africa,FW,Cote dIvoire,CI,MAR,Marahoue,2007,8,8,,0
Africa,West Africa,FW,Cote dIvoire,CI,MAR,Marahoue,2008,1,1,,0
Africa,West Africa,FW,Cote dIvoire,CI,MAR,Marahoue,2009,2,2,,0
Africa,West Africa,FW,Cote dIvoire,CI,MAR,Marahoue,2013,1,1,,0
Africa,West Africa,FW,Cote dIvoire,CI,TAI,Tai,2004,2,2,,0
Africa,West Africa,FW,Cote dIvoire,CI,TAI,Tai,2013,6,0,,0
Africa,West Africa,FW,Cote dIvoire,CI,TAI,Tai,2014,1,0,,0
Africa,West Africa,FW,Cote dIvoire,CI,TAI,Tai,2015,1,0,,0
Africa,West Africa,FW,Cote dIvoire,CI,TAI,Tai,2016,5,0,,0
Africa,West Africa,FW,Cote dIvoire,CI,TAI,Tai,2019,1,0,,0
Africa,West Africa,FW,Ghana,GH,KAK,Kakum,2002,2,1,,0
Africa,West Africa,FW,Ghana,GH,KAK,Kakum,2003,6,3,,1
Africa,West Africa,FW,Ghana,GH,KAK,Kakum,2004,6,3,,0
Africa,West Africa,FW,Ghana,GH,KAK,Kakum,2005,3,2,,0
Africa,West Africa,FW,Ghana,GH,KAK,Kakum,2007,1,0,,0
Africa,West Africa,FW,Ghana,GH,KAK,Kakum,2008,1,1,,0
Africa,West Africa,FW,Ghana,GH,KAK,Kakum,2009,1,1,,0
Africa,West Africa,FW,Ghana,GH,KAK,Kakum,2010,1,0,,0
Africa,West Africa,FW,Ghana,GH,KAK,Kakum,2011,1,1,,0
Africa,West Africa,FW,Ghana,GH,KAK,Kakum,2013,1,0,,1
Africa,West Africa,FW,Ghana,GH,KAK,Kakum,2016,1,1,,0
Africa,West Africa,FW,Ghana,GH,KAK,Kakum,2017,1,1,,0
Africa,West Africa,FW,Ghana,GH,MOL,Mole,2002,1,0,,0
Africa,West Africa,FW,Ghana,GH,MOL,Mole,2003,2,1,,0
Africa,West Africa,FW,Ghana,GH,MOL,Mole,2004,9,3,,0
Africa,West Africa,FW,Ghana,GH,MOL,Mole,2005,4,3,,0
Africa,West Africa,FW,Ghana,GH,MOL,Mole,2006,2,2,,0
Africa,West Africa,FW,Ghana,GH,MOL,Mole,2007,5,4,,0
Africa,West Africa,FW,Ghana,GH,MOL,Mole,2008,4,3,,0
Africa,West Africa,FW,Ghana,GH,MOL,Mole,2010,1,1,,0
Africa,West Africa,FW,Ghana,GH,MOL,Mole,2011,4,1,,0
Africa,West Africa,FW,Ghana,GH,MOL,Mole,2013,1,1,,0
Africa,West Africa,FW,Ghana,GH,MOL,Mole,2015,3,1,,0
Africa,West Africa,FW,Ghana,GH,MOL,Mole,2017,3,3,,0
Africa,West Africa,FW,Ghana,GH,MOL,Mole,2018,5,5,,0
Africa,West Africa,FW,Ghana,GH,MOL,Mole,2019,1,1,,0
Africa,West Africa,FW,Guinea,GN,ZIA,Ziama,2003,1,1,,0
Africa,West Africa,FW,Guinea,GN,ZIA,Ziama,2004,2,2,,0
Africa,West Africa,FW,Guinea,GN,ZIA,Ziama,2007,1,1,,0
Africa,West Africa,FW,Guinea,GN,ZIA,Ziama,2008,4,4,,0
Africa,West Africa,FW,Guinea,GN,ZIA,Ziama,2009,11,11,,0
Africa,West Africa,FW,Guinea,GN,ZIA,Ziama,2010,6,0,,0
Africa,West Africa,FW,Guinea,GN,ZIA,Ziama,2011,5,1,,0
Africa,West Africa,FW,Guinea,GN,ZIA,Ziama,2012,2,0,,0
Africa,West Africa,FW,Guinea,GN,ZIA,Ziama,2013,5,4,,0
Africa,West Africa,FW,Guinea,GN,ZIA,Ziama,2014,2,2,,0
Africa,West Africa,FW,Guinea,GN,ZIA,Ziama,2015,1,1,,0
Africa,West Africa,FW,Guinea,GN,ZIA,Ziama,2016,4,4,,0
Africa,West Africa,FW,Guinea,GN,ZIA,Ziama,2017,3,3,,0
Africa,West Africa,FW,Guinea,GN,ZIA,Ziama,2018,1,0,,0
Africa,West Africa,FW,Liberia,LR,SAP,Sapo,2007,1,1,,0
Africa,West Africa,FW,Liberia,LR,SAP,Sapo,2008,1,1,,0
Africa,West Africa,FW,Liberia,LR,SAP,Sapo,2009,3,3,,0
Africa,West Africa,FW,Liberia,LR,SAP,Sapo,2019,4,4,,0
Africa,West Africa,FW,Mali,ML,GOU,Gourma,2002,3,1,,0
Africa,West Africa,FW,Mali,ML,GOU,Gourma,2003,1,0,,0
Africa,West Africa,FW,Mali,ML,GOU,Gourma,2004,1,0,,0
Africa,West Africa,FW,Mali,ML,GOU,Gourma,2005,2,0,,0
Africa,West Africa,FW,Mali,ML,GOU,Gourma,2006,3,0,,0
Africa,West Africa,FW,Mali,ML,GOU,Gourma,2007,2,0,,0
Africa,West Africa,FW,Mali,ML,GOU,Gourma,2008,2,0,,0
Africa,West Africa,FW,Mali,ML,GOU,Gourma,2009,4,1,,0
Africa,West Africa,FW,Mali,ML,GOU,Gourma,2010,27,0,,1
Africa,West Africa,FW,Mali,ML,GOU,Gourma,2012,5,5,,0
Africa,West Africa,FW,Mali,ML,GOU,Gourma,2013,3,2,,0
Africa,West Africa,FW,Mali,ML,GOU,Gourma,2014,22,18,,0
Africa,West Africa,FW,Mali,ML,GOU,Gourma,2015,134,130,,0
Africa,West Africa,FW,Mali,ML,GOU,Gourma,2016,40,40,,0
Africa,West Africa,FW,Mali,ML,GOU,Gourma,2017,11,8,,0
Africa,West Africa,FW,Mali,ML,GOU,Gourma,2018,4,4,,0
Africa,West Africa,FW,Niger,NE,WNE,W du Niger,2002,1,1,,0
Africa,West Africa,FW,Niger,NE,WNE,W du Niger,2003,4,1,,0
Africa,West Africa,FW,Niger,NE,WNE,W du Niger,2004,3,3,,0
Africa,West Africa,FW,Niger,NE,WNE,W du Niger,2009,3,1,,0
Africa,West Africa,FW,Niger,NE,WNE,W du Niger,2010,3,1,,0
Africa,West Africa,FW,Niger,NE,WNE,W du Niger,2011,6,5,,0
Africa,West Africa,FW,Niger,NE,WNE,W du Niger,2013,6,3,,0
Africa,West Africa,FW,Niger,NE,WNE,W du Niger,2014,2,0,,0
Africa,West Africa,FW,Niger,NE,WNE,W du Niger,2015,6,4,,0
Africa,West Africa,FW,Niger,NE,WNE,W du Niger,2017,4,4,,0
Africa,West Africa,FW,Niger,NE,WNE,W du Niger,2019,1,1,,0
Africa,West Africa,FW,Nigeria,NG,YKR,Yankari,2002,6,0,,0
Africa,West Africa,FW,Nigeria,NG,YKR,Yankari,2003,4,1,,0
Africa,West Africa,FW,Nigeria,NG,YKR,Yankari,2004,6,3,,0
Africa,West Africa,FW,Nigeria,NG,YKR,Yankari,2005,2,1,,0
Africa,West Africa,FW,Nigeria,NG,YKR,Yankari,2008,20,20,,0
Africa,West Africa,FW,Nigeria,NG,YKR,Yankari,2009,10,10,,0
Africa,West Africa,FW,Nigeria,NG,YKR,Yankari,2010,12,8,,0
Africa,West Africa,FW,Nigeria,NG,YKR,Yankari,2011,5,5,,0
Africa,West Africa,FW,Nigeria,NG,YKR,Yankari,2012,11,11,,0
Africa,West Africa,FW,Nigeria,NG,YKR,Yankari,2013,10,6,,0
Africa,West Africa,FW,Nigeria,NG,YKR,Yankari,2014,2,1,,0
Africa,West Africa,FW,Nigeria,NG,YKR,Yankari,2015,2,0,,0
Africa,West Africa,FW,Nigeria,NG,YKR,Yankari,2018,1,0,,0
Africa,West Africa,FW,Nigeria,NG,YKR,Yankari,2019,1,0,,0
Africa,West Africa,FW,Senegal,SN,NKK,Niokolo-Koba,2003,1,0,,0
Africa,West Africa,FW,Togo,TG,FAZ,Fazao Malfakassa,2005,1,0,,0
Africa,West Africa,FW,Togo,TG,FAZ,Fazao Malfakassa,2014,1,1,,0
Africa,West Africa,FW,Togo,TG,FAZ,Fazao Malfakassa,2017,1,1,,0
Africa,West Africa,FW,Togo,TG,FAZ,Fazao Malfakassa,2018,1,0,,0
Asia,South East Asia,SE,China,CN,XBN,Xishuangbanna,2002,3,3,,0
Asia,South East Asia,SE,China,CN,XBN,Xishuangbanna,2003,3,3,,0
Asia,South East Asia,SE,China,CN,XBN,Xishuangbanna,2004,5,2,,0
Asia,South East Asia,SE,China,CN,XBN,Xishuangbanna,2005,5,4,,0
Asia,South East Asia,SE,China,CN,XBN,Xishuangbanna,2006,2,1,,0
Asia,South East Asia,SE,China,CN,XBN,Xishuangbanna,2007,1,1,,0
Asia,South East Asia,SE,China,CN,XBN,Xishuangbanna,2008,6,3,,0
Asia,South East Asia,SE,China,CN,XBN,Xishuangbanna,2009,5,2,,0
Asia,South East Asia,SE,China,CN,XBN,Xishuangbanna,2010,3,2,,0
Asia,South East Asia,SE,China,CN,XBN,Xishuangbanna,2011,8,1,,0
Asia,South East Asia,SE,China,CN,XBN,Xishuangbanna,2012,2,1,,0
Asia,South East Asia,SE,China,CN,XBN,Xishuangbanna,2014,2,1,,0
Asia,South East Asia,SE,China,CN,XBN,Xishuangbanna,2015,3,0,,0
Asia,South East Asia,SE,China,CN,XBN,Xishuangbanna,2018,2,0,,0
Asia,South East Asia,SE,Indonesia,ID,BBS,Bukit Barisan Selatan,2007,2,2,,0
Asia,South East Asia,SE,Indonesia,ID,BBS,Bukit Barisan Selatan,2010,1,0,,0
Asia,South East Asia,SE,Indonesia,ID,BBS,Bukit Barisan Selatan,2011,1,0,,0
Asia,South East Asia,SE,Indonesia,ID,BBS,Bukit Barisan Selatan,2013,1,1,,0
Asia,South East Asia,SE,Indonesia,ID,WAY,Way Kambas,2003,8,0,,0
Asia,South East Asia,SE,Indonesia,ID,WAY,Way Kambas,2004,2,1,,0
Asia,South East Asia,SE,Indonesia,ID,WAY,Way Kambas,2008,2,1,,0
Asia,South East Asia,SE,Indonesia,ID,WAY,Way Kambas,2009,2,1,,0
Asia,South East Asia,SE,Indonesia,ID,WAY,Way Kambas,2010,1,1,,0
Asia,South East Asia,SE,Indonesia,ID,WAY,Way Kambas,2011,4,3,,1
Asia,South East Asia,SE,Indonesia,ID,WAY,Way Kambas,2012,3,2,,0
Asia,South East Asia,SE,Indonesia,ID,WAY,Way Kambas,2013,2,1,,0
Asia,South East Asia,SE,Indonesia,ID,WAY,Way Kambas,2019,1,0,,0
Asia,South East Asia,SE,Cambodia,KH,MKR,Mondulkiri,2010,3,2,,0
Asia,South East Asia,SE,Cambodia,KH,MKR,Mondulkiri,2013,3,3,,0
Asia,South East Asia,SE,Lao Peoples Democratic Republic,LA,NAK,Nakai Nam Theun,2011,1,1,,0
Asia,South East Asia,SE,Lao Peoples Democratic Republic,LA,NPH,Nam Phui,2001,1,1,,0
Asia,South East Asia,SE,Lao Peoples Democratic Republic,LA,NPH,Nam Phui,2003,1,1,,0
Asia,South East Asia,SE,Lao Peoples Democratic Republic,LA,NPH,Nam Phui,2008,1,1,,0
Asia,South East Asia,SE,Lao Peoples Democratic Republic,LA,NPH,Nam Phui,2009,2,2,,0
Asia,South East Asia,SE,Lao Peoples Democratic Republic,LA,NPH,Nam Phui,2011,1,1,,0
Asia,South East Asia,SE,Lao Peoples Democratic Republic,LA,NPH,Nam Phui,2012,1,1,,0
Asia,South East Asia,SE,Lao Peoples Democratic Republic,LA,NPH,Nam Phui,2013,5,3,,0
Asia,South East Asia,SE,Lao Peoples Democratic Republic,LA,NPH,Nam Phui,2014,1,0,,1
Asia,South East Asia,SE,Lao Peoples Democratic Republic,LA,NPH,Nam Phui,2015,2,1,,1
Asia,South East Asia,SE,Lao Peoples Democratic Republic,LA,NPH,Nam Phui,2016,2,1,,0
Asia,South East Asia,SE,Lao Peoples Democratic Republic,LA,NPH,Nam Phui,2018,1,1,,0
Asia,South East Asia,SE,Myanmar,MM,ALW,Alaungdaw Kathapa,2006,2,2,,0
Asia,South East Asia,SE,Myanmar,MM,ALW,Alaungdaw Kathapa,2012,1,1,,0
Asia,South East Asia,SE,Myanmar,MM,SHW,Shwe U Daung,2006,2,0,,0
Asia,South East Asia,SE,Myanmar,MM,SHW,Shwe U Daung,2009,1,1,,0
Asia,South East Asia,SE,Myanmar,MM,SHW,Shwe U Daung,2012,2,1,,0
Asia,South East Asia,SE,Myanmar,MM,SHW,Shwe U Daung,2013,6,4,,0
Asia,South East Asia,SE,Malaysia,MY,KLU,Endau-Rompin National Park,2006,1,1,,0
Asia,South East Asia,SE,Malaysia,MY,KLU,Endau-Rompin National Park,2009,1,0,,0
Asia,South East Asia,SE,Malaysia,MY,KLU,Endau-Rompin National Park,2010,1,0,,0
Asia,South East Asia,SE,Malaysia,MY,KLU,Endau-Rompin National Park,2014,1,0,,0
Asia,South East Asia,SE,Malaysia,MY,KLU,Endau-Rompin National Park,2015,1,0,,0
Asia,South East Asia,SE,Malaysia,MY,KLU,Endau-Rompin National Park,2016,5,1,,0
Asia,South East Asia,SE,Malaysia,MY,KLU,Endau-Rompin National Park,2017,3,2,,0
Asia,South East Asia,SE,Malaysia,MY,KLU,Endau-Rompin National Park,2018,3,1,,0
Asia,South East Asia,SE,Malaysia,MY,KLU,Endau-Rompin National Park,2019,7,4,,0
Asia,South East Asia,SE,Malaysia,MY,GMS,Taman Negara National Park,2005,3,2,,0
Asia,South East Asia,SE,Malaysia,MY,GMS,Taman Negara National Park,2006,2,0,,0
Asia,South East Asia,SE,Malaysia,MY,GMS,Taman Negara National Park,2007,2,1,,0
Asia,South East Asia,SE,Malaysia,MY,GMS,Taman Negara National Park,2009,1,0,,0
Asia,South East Asia,SE,Malaysia,MY,GMS,Taman Negara National Park,2012,1,0,,0
Asia,South East Asia,SE,Malaysia,MY,GMS,Taman Negara National Park,2015,2,1,,0
Asia,South East Asia,SE,Malaysia,MY,GMS,Taman Negara National Park,2016,2,1,,0
Asia,South East Asia,SE,Malaysia,MY,GMS,Taman Negara National Park,2017,4,3,,0
Asia,South East Asia,SE,Malaysia,MY,GMS,Taman Negara National Park,2018,1,1,,0
Asia,South East Asia,SE,Malaysia,MY,GMS,Taman Negara National Park,2019,2,0,,0
Asia,South East Asia,SE,Thailand,TH,KUI,Kui Buri,2010,1,1,,0
Asia,South East Asia,SE,Thailand,TH,KUI,Kui Buri,2011,3,0,,0
Asia,South East Asia,SE,Thailand,TH,KUI,Kui Buri,2012,1,0,,0
Asia,South East Asia,SE,Thailand,TH,KUI,Kui Buri,2014,2,2,,0
Asia,South East Asia,SE,Thailand,TH,KUI,Kui Buri,2015,1,0,,0
Asia,South East Asia,SE,Thailand,TH,KUI,Kui Buri,2018,2,0,,0
Asia,South East Asia,SE,Thailand,TH,KUI,Kui Buri,2019,1,0,,0
Asia,South East Asia,SE,Thailand,TH,SKP,Salakphra,2002,1,0,,0
Asia,South East Asia,SE,Thailand,TH,SKP,Salakphra,2003,1,0,,0
Asia,South East Asia,SE,Thailand,TH,SKP,Salakphra,2004,2,0,,0
Asia,South East Asia,SE,Thailand,TH,SKP,Salakphra,2006,1,0,,0
Asia,South East Asia,SE,Thailand,TH,SKP,Salakphra,2008,3,1,,0
Asia,South East Asia,SE,Thailand,TH,SKP,Salakphra,2009,1,0,,0
Asia,South East Asia,SE,Thailand,TH,SKP,Salakphra,2010,1,0,,0
Asia,South East Asia,SE,Thailand,TH,SKP,Salakphra,2013,1,0,,0
Asia,South East Asia,SE,Thailand,TH,SKP,Salakphra,2014,1,0,,0
Asia,South East Asia,SE,Thailand,TH,SKP,Salakphra,2015,1,1,,0
Asia,South East Asia,SE,Thailand,TH,SKP,Salakphra,2016,5,0,,0
Asia,South East Asia,SE,Thailand,TH,SKP,Salakphra,2017,1,1,,0
Asia,South East Asia,SE,Thailand,TH,SKP,Salakphra,2018,2,0,,0
Asia,South East Asia,SE,Thailand,TH,SKP,Salakphra,2019,1,0,,0
Asia,South East Asia,SE,Viet Nam,VN,CTN,Cat Tien,2009,3,0,,0
Asia,South East Asia,SE,Viet Nam,VN,CTN,Cat Tien,2010,1,0,,0
Asia,South East Asia,SE,Viet Nam,VN,CTN,Cat Tien,2011,1,0,,0
Asia,South Asia,SS,Bangladesh,BD,CHU,Chunati,2010,1,0,,0
Asia,South Asia,SS,Bangladesh,BD,CHU,Chunati,2012,1,0,,0
Asia,South Asia,SS,Bangladesh,BD,CHU,Chunati,2013,1,0,,0
Asia,South Asia,SS,Bangladesh,BD,CHU,Chunati,2016,2,0,,0
Asia,South Asia,SS,Bangladesh,BD,CHU,Chunati,2017,1,0,,0
Asia,South Asia,SS,Bhutan,BT,SCH,Samtse,2009,1,0,,0
Asia,South Asia,SS,Bhutan,BT,SCH,Samtse,2011,2,0,,0
Asia,South Asia,SS,India,IN,CHR,Chirang-Ripu,2003,1,0,,0
Asia,South Asia,SS,India,IN,CHR,Chirang-Ripu,2004,2,0,,0
Asia,South Asia,SS,India,IN,CHR,Chirang-Ripu,2006,2,1,,0
Asia,South Asia,SS,India,IN,CHR,Chirang-Ripu,2007,8,7,,0
Asia,South Asia,SS,India,IN,CHR,Chirang-Ripu,2008,7,2,,0
Asia,South Asia,SS,India,IN,CHR,Chirang-Ripu,2009,11,7,,0
Asia,South Asia,SS,India,IN,CHR,Chirang-Ripu,2010,13,4,,0
Asia,South Asia,SS,India,IN,CHR,Chirang-Ripu,2011,14,4,,0
Asia,South Asia,SS,India,IN,CHR,Chirang-Ripu,2012,19,4,,0
Asia,South Asia,SS,India,IN,CHR,Chirang-Ripu,2013,21,2,,1
Asia,South Asia,SS,India,IN,CHR,Chirang-Ripu,2014,1,1,,0
Asia,South Asia,SS,India,IN,CHR,Chirang-Ripu,2016,21,3,,1
Asia,South Asia,SS,India,IN,CHR,Chirang-Ripu,2017,12,8,,0
Asia,South Asia,SS,India,IN,DEO,Deomali,2006,2,0,,0
Asia,South Asia,SS,India,IN,DEO,Deomali,2007,3,0,,0
Asia,South Asia,SS,India,IN,DEO,Deomali,2008,1,0,,0
Asia,South Asia,SS,India,IN,DEO,Deomali,2013,1,0,,0
Asia,South Asia,SS,India,IN,DHG,Dihing Patkai,2004,2,1,,0
Asia,South Asia,SS,India,IN,DHG,Dihing Patkai,2005,1,0,,0
Asia,South Asia,SS,India,IN,DHG,Dihing Patkai,2006,6,0,,0
Asia,South Asia,SS,India,IN,DHG,Dihing Patkai,2007,3,0,,0
Asia,South Asia,SS,India,IN,DHG,Dihing Patkai,2008,3,1,,0
Asia,South Asia,SS,India,IN,DHG,Dihing Patkai,2009,2,0,,0
Asia,South Asia,SS,India,IN,DHG,Dihing Patkai,2010,7,2,,0
Asia,South Asia,SS,India,IN,DHG,Dihing Patkai,2011,9,0,,0
Asia,South Asia,SS,India,IN,DHG,Dihing Patkai,2012,12,0,,0
Asia,South Asia,SS,India,IN,DHG,Dihing Patkai,2013,9,1,,0
Asia,South Asia,SS,India,IN,DHG,Dihing Patkai,2014,2,0,,0
Asia,South Asia,SS,India,IN,DHG,Dihing Patkai,2015,8,4,,0
Asia,South Asia,SS,India,IN,DHG,Dihing Patkai,2016,11,5,,0
Asia,South Asia,SS,India,IN,DHG,Dihing Patkai,2017,14,3,,0
Asia,South Asia,SS,India,IN,EDO,Eastern Dooars,2004,12,0,,0
Asia,South Asia,SS,India,IN,EDO,Eastern Dooars,2005,8,0,,0
Asia,South Asia,SS,India,IN,EDO,Eastern Dooars,2006,17,0,,0
Asia,South Asia,SS,India,IN,EDO,Eastern Dooars,2007,20,0,,0
Asia,South Asia,SS,India,IN,EDO,Eastern Dooars,2008,15,0,,0
Asia,South Asia,SS,India,IN,EDO,Eastern Dooars,2009,12,0,,0
Asia,South Asia,SS,India,IN,EDO,Eastern Dooars,2010,9,2,,0
Asia,South Asia,SS,India,IN,EDO,Eastern Dooars,2011,13,0,,0
Asia,South Asia,SS,India,IN,EDO,Eastern Dooars,2012,13,1,,0
Asia,South Asia,SS,India,IN,EDO,Eastern Dooars,2013,16,5,,0
Asia,South Asia,SS,India,IN,EDO,Eastern Dooars,2014,9,3,,0
Asia,South Asia,SS,India,IN,EDO,Eastern Dooars,2015,15,7,,0
Asia,South Asia,SS,India,IN,EDO,Eastern Dooars,2016,10,1,,0
Asia,South Asia,SS,India,IN,EDO,Eastern Dooars,2017,3,0,,0
Asia,South Asia,SS,India,IN,GRO,Garo Hills,2003,6,0,,0
Asia,South Asia,SS,India,IN,GRO,Garo Hills,2004,10,1,,0
Asia,South Asia,SS,India,IN,GRO,Garo Hills,2005,2,0,,0
Asia,South Asia,SS,India,IN,GRO,Garo Hills,2006,6,3,,0
Asia,South Asia,SS,India,IN,GRO,Garo Hills,2007,11,1,,0
Asia,South Asia,SS,India,IN,GRO,Garo Hills,2008,9,2,,0
Asia,South Asia,SS,India,IN,GRO,Garo Hills,2009,7,5,,0
Asia,South Asia,SS,India,IN,GRO,Garo Hills,2010,3,2,,0
Asia,South Asia,SS,India,IN,GRO,Garo Hills,2011,5,0,,0
Asia,South Asia,SS,India,IN,GRO,Garo Hills,2012,3,1,,0
Asia,South Asia,SS,India,IN,GRO,Garo Hills,2013,3,1,,0
Asia,South Asia,SS,India,IN,GRO,Garo Hills,2014,6,0,,0
Asia,South Asia,SS,India,IN,GRO,Garo Hills,2015,2,2,,0
Asia,South Asia,SS,India,IN,GRO,Garo Hills,2016,2,0,,0
Asia,South Asia,SS,India,IN,GRO,Garo Hills,2017,2,0,,0
Asia,South Asia,SS,India,IN,MBJ,Mayurbhanj,2004,12,0,,0
Asia,South Asia,SS,India,IN,MBJ,Mayurbhanj,2005,17,2,,0
Asia,South Asia,SS,India,IN,MBJ,Mayurbhanj,2006,17,3,,0
Asia,South Asia,SS,India,IN,MBJ,Mayurbhanj,2007,6,0,,0
Asia,South Asia,SS,India,IN,MBJ,Mayurbhanj,2008,4,1,,0
Asia,South Asia,SS,India,IN,MBJ,Mayurbhanj,2009,4,1,,0
Asia,South Asia,SS,India,IN,MBJ,Mayurbhanj,2010,12,4,,0
Asia,South Asia,SS,India,IN,MBJ,Mayurbhanj,2011,8,4,,0
Asia,South Asia,SS,India,IN,MBJ,Mayurbhanj,2012,10,5,,0
Asia,South Asia,SS,India,IN,MBJ,Mayurbhanj,2013,13,1,,0
Asia,South Asia,SS,India,IN,MBJ,Mayurbhanj,2014,13,1,,0
Asia,South Asia,SS,India,IN,MBJ,Mayurbhanj,2015,14,0,,0
Asia,South Asia,SS,India,IN,MBJ,Mayurbhanj,2016,17,0,,0
Asia,South Asia,SS,India,IN,MBJ,Mayurbhanj,2017,13,1,,0
Asia,South Asia,SS,India,IN,MYS,Mysore,2005,30,4,,0
Asia,South Asia,SS,India,IN,MYS,Mysore,2006,3,1,,0
Asia,South Asia,SS,India,IN,MYS,Mysore,2007,118,20,,0
Asia,South Asia,SS,India,IN,MYS,Mysore,2008,96,29,,0
Asia,South Asia,SS,India,IN,MYS,Mysore,2009,113,26,,0
Asia,South Asia,SS,India,IN,MYS,Mysore,2010,113,27,,0
Asia,South Asia,SS,India,IN,MYS,Mysore,2011,110,18,,0
Asia,South Asia,SS,India,IN,MYS,Mysore,2012,202,20,,0
Asia,South Asia,SS,India,IN,MYS,Mysore,2013,155,6,,0
Asia,South Asia,SS,India,IN,MYS,Mysore,2014,123,18,,0
Asia,South Asia,SS,India,IN,MYS,Mysore,2015,84,16,,0
Asia,South Asia,SS,India,IN,MYS,Mysore,2016,74,9,,0
Asia,South Asia,SS,India,IN,MYS,Mysore,2017,136,12,,0
Asia,South Asia,SS,India,IN,NIL,Nilgiri,2006,36,2,,0
Asia,South Asia,SS,India,IN,NIL,Nilgiri,2007,51,0,,0
Asia,South Asia,SS,India,IN,NIL,Nilgiri,2008,62,2,,0
Asia,South Asia,SS,India,IN,NIL,Nilgiri,2009,67,3,,0
Asia,South Asia,SS,India,IN,NIL,Nilgiri,2010,60,4,,0
Asia,South Asia,SS,India,IN,NIL,Nilgiri,2011,40,3,,0
Asia,South Asia,SS,India,IN,NIL,Nilgiri,2012,61,2,,0
Asia,South Asia,SS,India,IN,NIL,Nilgiri,2013,91,6,,0
Asia,South Asia,SS,India,IN,NIL,Nilgiri,2014,90,7,,0
Asia,South Asia,SS,India,IN,NIL,Nilgiri,2015,60,6,,0
Asia,South Asia,SS,India,IN,SVK,Shivalik,2005,1,0,,0
Asia,South Asia,SS,India,IN,SVK,Shivalik,2006,16,1,,0
Asia,South Asia,SS,India,IN,SVK,Shivalik,2007,13,0,,0
Asia,South Asia,SS,India,IN,SVK,Shivalik,2008,26,0,,1
Asia,South Asia,SS,India,IN,SVK,Shivalik,2009,23,0,,0
Asia,South Asia,SS,India,IN,SVK,Shivalik,2010,10,0,,0
Asia,South Asia,SS,India,IN,SVK,Shivalik,2011,24,0,,0
Asia,South Asia,SS,India,IN,SVK,Shivalik,2012,6,0,,0
Asia,South Asia,SS,India,IN,SVK,Shivalik,2013,27,0,,0
Asia,South Asia,SS,India,IN,SVK,Shivalik,2014,18,3,,0
Asia,South Asia,SS,India,IN,SVK,Shivalik,2015,15,4,,0
Asia,South Asia,SS,India,IN,SVK,Shivalik,2016,17,3,,0
Asia,South Asia,SS,India,IN,SVK,Shivalik,2017,32,3,,0
Asia,South Asia,SS,India,IN,WYD,Wayanad,2004,2,0,,0
Asia,South Asia,SS,India,IN,WYD,Wayanad,2005,8,1,,0
Asia,South Asia,SS,India,IN,WYD,Wayanad,2007,16,0,,1
Asia,South Asia,SS,India,IN,WYD,Wayanad,2008,5,0,,0
Asia,South Asia,SS,India,IN,WYD,Wayanad,2009,10,0,,0
Asia,South Asia,SS,India,IN,WYD,Wayanad,2010,8,1,,0
Asia,South Asia,SS,India,IN,WYD,Wayanad,2011,9,0,,0
Asia,South Asia,SS,India,IN,WYD,Wayanad,2012,20,0,,1
Asia,South Asia,SS,India,IN,WYD,Wayanad,2013,15,0,,0
Asia,South Asia,SS,India,IN,WYD,Wayanad,2014,22,0,,0
Asia,South Asia,SS,India,IN,WYD,Wayanad,2015,15,1,,0
Asia,South Asia,SS,India,IN,WYD,Wayanad,2016,25,7,,1
Asia,South Asia,SS,India,IN,WYD,Wayanad,2017,38,0,,0
Asia,South Asia,SS,Sri Lanka,LK,WPT,Wilpattu,2016,17,5,,1
Asia,South Asia,SS,Sri Lanka,LK,WPT,Wilpattu,2017,11,6,,0
Asia,South Asia,SS,Sri Lanka,LK,YAL,Yala,2016,4,0,,0
Asia,South Asia,SS,Sri Lanka,LK,YAL,Yala,2017,6,2,,0
Asia,South East Asia,SE,Thailand,TH,KUI,Kui Buri,2017,0,0,The site has reported zero carcass without patrol information,NA
Asia,South East Asia,SE,Thailand,TH,KUI,Kui Buri,2016,0,0,The site has reported zero carcass without patrol information,NA
Asia,South East Asia,SE,China,CN,XBN,Xishuangbanna,2019,0,0,The site has reported zero carcass without patrol information,NA
Asia,South East Asia,SE,Myanmar,MM,SHW,Shwe U Daung,2019,0,0,The site has reported zero carcass without patrol information,NA
Asia,South East Asia,SE,Myanmar,MM,ALW,Alaungdaw Kathapa,2019,0,0,The site has reported zero carcass without patrol information,NA
Asia,South East Asia,SE,Cambodia,KH,CDM,Cardamom,2019,0,0,The site has reported zero carcass without patrol information,NA
Asia,South East Asia,SE,Cambodia,KH,MKR,Mondulkiri,2019,0,0,The site has reported zero carcass without patrol information,NA
Asia,South East Asia,SE,Thailand,TH,SKP,Salakphra,2019,0,0,The site has reported zero carcass without patrol information,NA
Asia,South East Asia,SE,Lao Peoples Democratic Republic,LA,NPH,Nam Phui,2019,0,0,The site has reported zero carcass without patrol information,NA
Asia,South East Asia,SE,Indonesia,ID,BBS,Bukit Barisan Selatan,2019,0,0,The site has reported zero carcass without patrol information,NA
Asia,South East Asia,SE,China,CN,XBN,Xishuangbanna,2017,0,0,The site has reported zero carcass without patrol information,NA
Asia,South East Asia,SE,China,CN,XBN,Xishuangbanna,2017,0,0,The site has reported zero carcass without patrol information,NA
Asia,South East Asia,SE,China,CN,XBN,Xishuangbanna,2016,0,0,The site has reported zero carcass without patrol information,NA
Africa,Eastern Africa,FE,Kenya,KE,EGK,Mount Elgon,2019,0,0,The site has reported zero carcass without patrol information,NA
Africa,West Africa,FW,Togo,TG,FAZ,Fazao Malfakassa,2019,0,0,The site has reported zero carcass with patrol information,NA
Africa,West Africa,FW,Ghana,GH,KAK,Kakum,2019,0,0,The site has reported zero carcass with patrol information,NA
Africa,Central Africa,FC,Cameroon,CM,WAZ,Waza,2019,0,0,The site has reported zero carcass without patrol information,NA
Africa,Central Africa,FC,Cameroon,CM,BBK,Boumba-Bek,2019,0,0,The site has reported zero carcass with patrol information,NA
Africa,Central Africa,FC,Chad,TD,ZAK,Zakouma,2019,0,0,The site has reported zero carcass without patrol information,NA
Asia,South East Asia,SE,Viet Nam,VN,CTN,Cat Tien,2019,0,0,The site has reported zero carcass without patrol information,NA
Africa,West Africa,FW,Senegal,SN,NKK,Niokolo-Koba,2019,0,0,The site has reported zero carcass without patrol information,NA
Africa,West Africa,FW,Cote dIvoire,CI,MAR,Marahoue,2019,0,0,The site has reported zero carcass with patrol information,NA
Africa,West Africa,FW,Cote dIvoire,CI,COM,Comoe,2019,0,0,The site has reported zero carcass with patrol information,NA
Africa,West Africa,FW,Guinea,GN,ZIA,Ziama,2019,0,0,The site has reported zero carcass without patrol information,NA
Africa,West Africa,FW,Mali,ML,GOU,Gourma,2019,0,0,The site has reported zero carcass with patrol information,NA
Africa,West Africa,FW,Nigeria,NG,YKR,Yankari,2017,0,0,The site has reported zero carcass without patrol information,NA
Africa,West Africa,FW,Liberia,LR,SAP,Sapo,2017,0,0,The site has reported zero carcass without patrol information,NA
Africa,West Africa,FW,Cote dIvoire,CI,COM,Comoe,2017,0,0,The site has reported zero carcass without patrol information,NA
Africa,West Africa,FW,Cote dIvoire,CI,MAR,Marahoue,2017,0,0,The site has reported zero carcass without patrol information,NA
Africa,West Africa,FW,Burkina Faso,BF,NAZ,Nazinga,2017,0,0,The site has reported zero carcass without patrol information,NA
Africa,Central Africa,FC,Chad,TD,ZAK,Zakouma,2017,0,0,The site has reported zero carcass without patrol information,NA
Africa,Central Africa,FC,Cameroon,CM,WAZ,Waza,2017,0,0,The site has reported zero carcass without patrol information,NA
Africa,Central Africa,FC,Central African Republic,CF,SGB,Sangba,2017,0,0,The site has reported zero carcass without patrol information,NA
Africa,West Africa,FW,Togo,TG,FAZ,Fazao Malfakassa,2016,0,0,The site has reported zero carcass without patrol information,NA
Africa,West Africa,FW,Nigeria,NG,YKR,Yankari,2016,0,0,The site has reported zero carcass without patrol information,NA
Africa,West Africa,FW,Ghana,GH,MOL,Mole,2016,0,0,The site has reported zero carcass without patrol information,NA
Africa,Central Africa,FC,Cameroon,CM,WAZ,Waza,2016,0,0,The site has reported zero carcass without patrol information,NA
Asia,South Asia,SS,India,IN,DEO,Deomali,2017,0,0,The site has reported zero carcass without patrol information,NA
Asia,South Asia,SS,India,IN,DEO,Deomali,2016,0,0,The site has reported zero carcass without patrol information,NA
Asia,South Asia,SS,Nepal,NP,SUK,Shuklaphanta,2017,0,0,The site has reported zero carcass without patrol information,NA
Asia,South Asia,SS,Nepal,NP,SUK,Shuklaphanta,2016,0,0,The site has reported zero carcass without patrol information,NA
Asia,South Asia,SS,Bhutan,BT,SCH,Samtse,2017,0,0,The site has reported zero carcass without patrol information,NA
Asia,South Asia,SS,Bhutan,BT,SCH,Samtse,2016,0,0,The site has reported zero carcass without patrol information,NA
Africa,Central Africa,FC,Chad,TD,ZAK,Zakouma,2018,0,0,The site has reported zero carcass with patrol information,NA
Africa,Central Africa,FC,"Congo, Democratic Republic of the",CD,KHB,Kahuzi-Biega,2018,0,0,The site has reported zero carcass without patrol information,NA
Africa,Central Africa,FC,Cameroon,CM,WAZ,Waza,2018,0,0,The site has reported zero carcass without patrol information,NA
Asia,South East Asia,SE,Cambodia,KH,MKR,Mondulkiri,2018,0,0,The site has reported zero carcass without patrol information,NA
Asia,South East Asia,SE,Cambodia,KH,MKR,Mondulkiri,2017,0,0,The site has reported zero carcass without patrol information,NA
Asia,South East Asia,SE,Cambodia,KH,MKR,Mondulkiri,2016,0,0,The site has reported zero carcass without patrol information,NA
Asia,South East Asia,SE,Cambodia,KH,MKR,Mondulkiri,2015,0,0,The site has reported zero carcass without patrol information,NA
Asia,South East Asia,SE,Cambodia,KH,MKR,Mondulkiri,2014,0,0,The site has reported zero carcass without patrol information,NA
Asia,South East Asia,SE,Cambodia,KH,CDM,Cardamom,2018,0,0,The site has reported zero carcass without patrol information,NA
Asia,South East Asia,SE,Cambodia,KH,CDM,Cardamom,2017,0,0,The site has reported zero carcass without patrol information,NA
Asia,South East Asia,SE,Cambodia,KH,CDM,Cardamom,2016,0,0,The site has reported zero carcass without patrol information,NA
Asia,South East Asia,SE,Cambodia,KH,CDM,Cardamom,2015,0,0,The site has reported zero carcass without patrol information,NA
Asia,South East Asia,SE,Cambodia,KH,CDM,Cardamom,2014,0,0,The site has reported zero carcass without patrol information,NA
Asia,South East Asia,SE,Viet Nam,VN,CTN,Cat Tien,2018,0,0,The site has reported zero carcass without patrol information,NA
Asia,South East Asia,SE,Viet Nam,VN,CTN,Cat Tien,2017,0,0,The site has reported zero carcass without patrol information,NA
Asia,South East Asia,SE,Viet Nam,VN,CTN,Cat Tien,2016,0,0,The site has reported zero carcass without patrol information,NA
Asia,South East Asia,SE,Viet Nam,VN,CTN,Cat Tien,2015,0,0,The site has reported zero carcass without patrol information,NA
Asia,South East Asia,SE,Viet Nam,VN,CTN,Cat Tien,2014,0,0,The site has reported zero carcass without patrol information,NA
Asia,South East Asia,SE,Myanmar,MM,SHW,Shwe U Daung,2018,0,0,The site has reported zero carcass without patrol information,NA
Asia,South East Asia,SE,Myanmar,MM,SHW,Shwe U Daung,2017,0,0,The site has reported zero carcass without patrol information,NA
Asia,South East Asia,SE,Myanmar,MM,SHW,Shwe U Daung,2016,0,0,The site has reported zero carcass without patrol information,NA
Asia,South East Asia,SE,Myanmar,MM,SHW,Shwe U Daung,2015,0,0,The site has reported zero carcass without patrol information,NA
Asia,South East Asia,SE,Myanmar,MM,SHW,Shwe U Daung,2014,0,0,The site has reported zero carcass without patrol information,NA
Asia,South East Asia,SE,Myanmar,MM,ALW,Alaungdaw Kathapa,2018,0,0,The site has reported zero carcass without patrol information,NA
Asia,South East Asia,SE,Myanmar,MM,ALW,Alaungdaw Kathapa,2017,0,0,The site has reported zero carcass without patrol information,NA
Asia,South East Asia,SE,Myanmar,MM,ALW,Alaungdaw Kathapa,2016,0,0,The site has reported zero carcass without patrol information,NA
Asia,South East Asia,SE,Myanmar,MM,ALW,Alaungdaw Kathapa,2015,0,0,The site has reported zero carcass without patrol information,NA
Asia,South East Asia,SE,Myanmar,MM,ALW,Alaungdaw Kathapa,2014,0,0,The site has reported zero carcass without patrol information,NA
Asia,South East Asia,SE,Lao Peoples Democratic Republic,LA,NAK,Nakai Nam Theun,2018,0,0,The site has reported zero carcass without patrol information,NA
Asia,South East Asia,SE,Lao Peoples Democratic Republic,LA,NAK,Nakai Nam Theun,2017,0,0,The site has reported zero carcass without patrol information,NA
Asia,South East Asia,SE,Lao Peoples Democratic Republic,LA,NAK,Nakai Nam Theun,2016,0,0,The site has reported zero carcass without patrol information,NA
Asia,South East Asia,SE,Lao Peoples Democratic Republic,LA,NAK,Nakai Nam Theun,2015,0,0,The site has reported zero carcass without patrol information,NA
Asia,South East Asia,SE,Lao Peoples Democratic Republic,LA,NAK,Nakai Nam Theun,2014,0,0,The site has reported zero carcass without patrol information,NA
Africa,West Africa,FW,Niger,NE,WNE,W du Niger,2018,0,0,The site has reported zero carcass with patrol information,NA
Africa,West Africa,FW,Liberia,LR,SAP,Sapo,2018,0,0,The site has reported zero carcass without patrol information,NA
Africa,West Africa,FW,Ghana,GH,KAK,Kakum,2018,0,0,The site has reported zero carcass with patrol information,NA
Africa,West Africa,FW,Cote dIvoire,CI,TAI,Tai,2018,0,0,The site has reported zero carcass with patrol information,NA
Africa,West Africa,FW,Cote dIvoire,CI,MAR,Marahoue,2018,0,0,The site has reported zero carcass with patrol information,NA
Africa,West Africa,FW,Cote dIvoire,CI,COM,Comoe,2018,0,0,The site has reported zero carcass with patrol information,NA
Africa,West Africa,FW,Burkina Faso,BF,WBF,W du Burkina,2018,0,0,The site has reported zero carcass without patrol information,NA